Price,Close,High,Low,Open,Volume
Ticker,INFY.NS,INFY.NS,INFY.NS,INFY.NS,INFY.NS
Date,,,,,
2020-01-01,633.151123046875,635.857836165516,629.456283947449,631.5614994346679,2112415
2020-01-02,631.3035888671875,636.545097531161,628.0383841693595,634.9125214049994,5658200
2020-01-03,641.013427734375,642.7319623931803,630.6163140268093,630.6163140268093,7882938
2020-01-06,634.86962890625,647.7156856371781,632.8503717126638,641.0993168830549,6519403
2020-01-07,625.460693359375,638.091880808106,623.0547029448412,634.1392721765393,7899363
2020-01-08,617.1257934570312,626.4058699298521,608.6190260970619,622.9258478082336,8639443
2020-01-09,625.1599731445312,628.5540897917724,613.7746803355894,620.1332799391682,13521186
2020-01-10,634.2681884765625,638.3497082159341,627.6947725496843,636.244492808629,9341405
2020-01-13,664.6862182617188,668.0803346309402,648.7468201239355,653.0431566810477,36952038
2020-01-14,666.49072265625,667.607759691393,659.2299032595474,661.592888406991,11414418
2020-01-15,659.5305786132812,664.9439518924611,654.8905668506321,664.9439518924611,6047430
2020-01-16,659.0580444335938,663.7840147652558,653.2579899356449,662.237344054906,5740586
2020-01-17,659.788330078125,664.1276716019415,654.9764545063318,662.2372731824834,3762957
2020-01-20,660.3038940429688,665.4165444008263,655.5779244163876,663.0105542708876,3887680
2020-01-21,655.1913452148438,662.0654839187372,653.687627373367,660.3039963649677,4448374
2020-01-22,661.8075561523438,668.5098292988873,658.1986237055884,660.3038386699876,9733935
2020-01-23,673.96630859375,674.95448700041,667.3929449935188,667.7366204578454,12528017
2020-01-24,672.5913696289062,675.8136214795718,664.7290541350803,666.576499507664,7540490
2020-01-27,668.5958862304688,674.3529878110744,665.4166390766485,669.4122006803074,3741610
2020-01-28,668.5099487304688,671.7751539292527,663.354345012753,671.0877505893266,5121009
2020-01-29,678.5634155273438,681.2271232506934,673.8803981274411,675.8996553584789,6832757
2020-01-30,670.830078125,678.5634848224805,668.5100456266517,678.5634848224805,3859680
2020-01-31,666.7484130859375,674.4818181034922,663.0105691934805,670.7010213389284,6092028
2020-02-03,659.4016723632812,679.6374044987804,656.9097764971231,671.9469525451278,6416745
2020-02-04,676.9738159179688,678.7353560855137,661.7218192118607,661.7218192118607,5771311
2020-02-05,674.1381225585938,675.3840705824857,665.4165912823738,671.087734255625,6310409
2020-02-06,662.7958374023438,676.0715282077489,661.6358474791257,673.9663127493939,7341622
2020-02-07,667.908447265625,669.2403010625379,662.4950738825356,666.7484574140747,2853344
2020-02-10,664.3855590820312,668.5100320813469,661.4210760856257,665.0729625076639,3827682
2020-02-11,664.6862182617188,669.4551413510103,660.948426435237,669.3692355980739,4312817
2020-02-12,671.1306762695312,673.0210747118617,666.0180256341979,666.6195231993272,2948825
2020-02-13,680.7545776367188,682.2582955425115,672.1189510096988,674.5248891698634,4387430
2020-02-14,675.7708740234375,686.7265336458709,674.1811978265952,682.6879662763401,5321680
2020-02-17,678.3485717773438,681.7856409332788,673.0640569718882,679.0789279947746,2929629
2020-02-18,685.3945922851562,686.5975350544546,673.3648499190842,674.5248398118925,5083346
2020-02-19,687.800537109375,691.5812818518593,684.1056981207253,687.4138563260885,3985192
2020-02-20,684.8360595703125,692.6553712672503,682.1293465122486,690.2064803636806,4564569
2020-02-24,683.847900390625,697.3813611703688,680.6686531479877,687.4997866327781,6627536
2020-02-25,686.0390625,692.5694732797665,683.4612604902738,686.5546019237387,6996695
2020-02-26,672.5913696289062,688.6596760133258,670.658018518507,682.2151723119949,8760569
2020-02-27,668.3810424804688,670.8729386068777,663.5262137452423,668.5099535525468,5223386
2020-02-28,628.7258911132812,650.2934792695119,620.4339407268166,644.4504721445045,14123957
2020-03-02,636.760009765625,658.1128332217729,630.4873690869798,633.2799877575525,9821523
2020-03-03,641.8727416992188,652.1839504012142,636.9319541961793,648.7468808338824,7826587
2020-03-04,651.9690551757812,654.3320402192519,640.6267164780191,647.8016298045927,11013444
2020-03-05,648.4031372070312,664.686264377304,645.9542461777803,656.2654546302358,7755293
2020-03-06,634.9555053710938,639.2947942245108,626.4916920178867,636.7169926348959,9216022
2020-03-09,605.3108520507812,623.6991405627762,598.9093002604727,622.5391507011657,10308654
2020-03-11,589.4573974609375,598.0071180152542,574.8928055039582,593.4530115851985,16165009
2020-03-12,542.3695068359375,575.7090661476228,539.1902074740797,573.990531621809,13965574
2020-03-13,551.9503173828125,573.1312768534269,489.7823505344128,508.6862307304778,16903113
2020-03-16,501.081787109375,534.5932144936081,498.37507391936435,534.4643034100769,19140152
2020-03-17,476.85040283203125,508.6862460888613,472.5970191703948,505.3350826110837,16059887
2020-03-18,459.1064758300781,496.65646470613166,453.6931027073313,488.06379230637157,15390183
2020-03-19,468.7732849121094,479.471173740036,437.58189108801673,437.58189108801673,16583991
2020-03-20,502.8432922363281,530.5546658459454,470.8785345138052,472.167435611927,21354894
2020-03-23,452.361328125,482.0060530911666,443.29606764618916,464.0043907747818,17146150
2020-03-24,506.79583740234375,516.5485526159521,448.5375256007715,448.5375256007715,20027097
2020-03-25,520.8878784179688,545.6347676259147,486.0875507189931,512.982608303419,18339548
2020-03-26,552.5088500976562,559.2540771338631,525.9574706932967,528.4493667341502,14843813
2020-03-27,560.8438110351562,579.9195567351105,551.8644567193235,571.455741852175,13495283
2020-03-30,538.5027465820312,570.123767987329,533.6908189568843,537.1278876410581,14624804
2020-03-31,551.2199096679688,568.8348872957059,544.5176359865167,558.5236808794696,15175521
2020-04-01,517.9663696289062,547.7829584028392,510.4048271235866,545.0762451595822,13083824
2020-04-03,503.27294921875,520.7160677312023,500.2225603011783,518.5678991349515,10221655
2020-04-07,549.0718994140625,553.5830535172297,526.6450399936691,528.4494806567268,15145605
2020-04-08,542.7132568359375,563.3786793044334,538.2021030858991,541.3384500046095,11806896
2020-04-09,546.7088012695312,560.9296641179702,543.1428211160517,555.774060491067,11931114
2020-04-13,547.6969604492188,559.9844715077093,537.9442457955366,540.4790946458554,8330276
2020-04-15,549.1148071289062,561.3593672588752,546.1503241872838,559.7267907088572,11963447
2020-04-16,536.0538330078125,545.54877772377,518.5677660985184,532.7027223246884,17783287
2020-04-17,540.264404296875,555.0867676751988,537.9014188307654,553.3682327907554,8878320
2020-04-20,561.3592529296875,567.9756208783401,549.07174242248,549.9310096250191,13322913
2020-04-21,544.088134765625,555.5163808350769,539.4480697711608,539.4480697711608,11660575
2020-04-22,551.5206909179688,554.2274038685555,539.6628127661628,544.0880603023884,8266728
2020-04-23,583.7002563476562,587.4381005055866,548.2984337082895,555.9888863999373,14451289
2020-04-24,565.3978881835938,580.0054324071821,562.6482223112272,574.4631477861883,7319940
2020-04-27,571.069091796875,585.1610981038692,568.0187030227356,568.0187030227356,7183306
2020-04-28,567.7178955078125,581.7239415130418,561.1444799172373,578.2868724346782,7296571
2020-04-29,581.3373413085938,586.0203590658929,565.3979417380608,572.2720808473382,8639056
2020-04-30,614.8057861328125,618.6724891902516,599.8545133325081,601.4871422683001,16253821
2020-05-04,578.8883666992188,602.5182164777228,576.0097898952575,592.7225486822473,9122740
2020-05-05,578.8883666992188,589.1136156815189,575.7090673308268,585.8054576907331,6393053
2020-05-06,572.1861572265625,585.54775421405,570.5964811398504,581.6380982067876,7934250
2020-05-07,571.3697509765625,579.446831413283,569.2215829169811,571.8852903326583,4779548
2020-05-08,579.318115234375,585.0752175386579,574.4202803651933,577.6425332468231,8400321
2020-05-11,586.793701171875,600.2412038897027,582.5832701293116,586.4499732496389,7370186
2020-05-12,590.875244140625,593.75376893075,580.4351243310009,583.0129265115975,7356039
2020-05-13,596.46044921875,601.4012364583713,587.5240478419239,597.0189415263537,8287101
2020-05-14,565.5267333984375,577.2127464381863,560.7577584420578,566.2570895463563,16888262
2020-05-15,560.5000610351562,571.2409025100194,555.6881850326236,571.2409025100194,9255353
2020-05-18,570.4675903320312,576.1816864987078,561.1015556379695,566.9875157564253,10435442
2020-05-19,574.5062255859375,579.833694538545,562.820208644207,570.5536160912267,5902208
2020-05-20,575.3223876953125,578.2868702533211,566.815673225758,574.4201675547478,5794636
2020-05-21,577.5994873046875,583.8291752054804,571.7564801764948,572.7016532246166,7213225
2020-05-22,594.9136962890625,597.9211318497405,578.7165286047592,580.0054295593355,11867731
2020-05-26,584.7743530273438,601.0145260450187,583.4424991957494,595.4722414472081,7099606
2020-05-27,606.170166015625,609.3924185965654,580.0054645692849,589.5003583520194,8774636
2020-05-28,607.8457641601562,610.0798383646927,592.894490805124,607.5020362307574,9440091
2020-05-29,601.8360595703125,610.3714952246648,587.8570994987178,603.1425054304507,28290128
2020-06-01,609.28271484375,615.4665897111315,602.2714668950035,608.5859544365636,12276438
2020-06-02,616.7294311523438,619.8213950978599,607.5407739082339,610.1101276902748,7059304
2020-06-03,611.0247802734375,620.0392895204851,606.1909407313866,618.994122094236,11378568
2020-06-04,616.4247436523438,617.9053930185396,607.4973630484067,611.4167008745254,10782424
2020-06-05,612.7666625976562,619.865039894145,610.1973083711065,615.7714987894036,7718679
2020-06-08,627.8342895507812,632.1455713743576,613.1585694852488,616.3376089004659,10719105
2020-06-09,625.0036010742188,635.4551666651549,622.7826540180271,627.0939354561706,10078029
2020-06-10,623.4793701171875,626.6148714672869,617.6874931594645,622.7390722042044,7263049
2020-06-11,613.114990234375,621.3456089453023,609.8924134763056,620.1262383364935,8825715
2020-06-12,602.7505493164062,605.4505692704912,588.3361075718079,588.5973861068697,9795316
2020-06-15,598.8312377929688,613.5070118687655,596.828031391361,603.5780018303001,7857344
2020-06-16,610.7198486328125,620.1262473711666,608.9343834120114,611.4166090653918,10131760
2020-06-17,612.853759765625,618.6456377129897,607.9327925450111,609.5876451924963,7291916
2020-06-18,621.78125,624.1328103826534,614.9006128138086,616.816744335482,6670195
2020-06-19,614.508544921875,620.0391973657015,610.5456699641194,617.5133808909567,22438862
2020-06-22,612.8972778320312,617.2520971243443,609.6747009238366,615.858523055155,7804096
2020-06-23,627.6600952148438,631.0132846424152,602.7940357424677,605.9295373754688,12157390
2020-06-24,621.9989013671875,633.0165629999383,617.8618227695662,624.3940521342314,10220838
2020-06-25,610.1102294921875,614.5521242461359,604.0134820168909,613.8989013023541,14945284
2020-06-26,651.6552734375,654.6165191327829,618.3844381074404,618.5586415387919,26030458
2020-06-29,637.327880859375,648.6068748286409,635.8907690545501,640.5069205927532,8954428
2020-06-30,640.9859008789062,643.5987926116884,630.795612489172,638.2423432957175,10411290
2020-07-01,637.45849609375,646.516488707229,635.5859024554995,642.118131668814,5477468
2020-07-02,658.971435546875,666.6794999468614,640.5070386290253,642.2053761448066,17263756
2020-07-03,664.2841796875,665.4164221299212,655.40033724184,657.5777470001185,7796572
2020-07-06,665.4164428710938,674.9970461061488,663.2390330449449,666.4616102195291,8810958
2020-07-07,691.6759643554688,694.1146525092771,666.7663662916871,670.1196090176614,19362533
2020-07-08,674.7357788085938,683.6196216792831,672.5583689461415,683.6196216792831,8476642
2020-07-09,680.83251953125,688.0615095695268,674.9970505270675,679.3518702078873,6854166
2020-07-10,680.963134765625,687.974437005429,673.6906071353015,673.6906071353015,5206452
2020-07-13,694.2017822265625,701.4307721350777,684.6211791007323,686.3195693776497,10804688
2020-07-14,682.1824951171875,702.3453312701514,680.5276423938313,690.6308558322335,8961822
2020-07-15,723.7274169921875,738.9692842661574,692.242052759621,695.9001115372566,30060599
2020-07-16,793.4480590820312,832.2059500031623,778.8594147465493,783.9545319521908,90432109
2020-07-17,786.6110229492188,801.1996674470666,777.0304205924231,793.4480679128025,31682878
2020-07-20,813.741455078125,823.0607782253632,789.7464133924318,791.2706000187751,18421053
2020-07-21,815.8754272460938,827.1544202989401,809.2996604819718,823.0608793675566,12877784
2020-07-22,799.457763671875,817.8350802061377,792.577127782306,817.7915426441868,14354201
2020-07-23,790.7916259765625,797.6286708292745,784.4336006020394,797.4980581494486,13051307
2020-07-24,803.7689819335938,806.2947984070607,786.6981114352445,786.6981114352445,18209580
2020-07-27,826.0657958984375,829.8544679404932,800.1110799754764,802.6368436170394,16827870
2020-07-28,838.6075439453125,842.7010847807401,819.7512079884654,823.9318239474359,15818463
2020-07-29,831.0301513671875,836.1252684580888,821.8414405248313,830.2462626642429,11152710
2020-07-30,837.3882446289062,847.1430508515814,835.0366314885284,837.867264137642,12492320
2020-07-31,841.3510131835938,859.1622331525406,830.2897625233145,844.1816454743253,12704346
2020-08-03,833.42529296875,840.8284853707694,825.194674313446,836.1252595221921,8479792
2020-08-04,827.2849731445312,845.4446009062772,819.1850201526869,836.5172216435673,11133170
2020-08-05,822.7996215820312,836.9527852085158,817.2254312592177,829.1576475331221,9614176
2020-08-06,845.5753173828125,848.6672818881982,820.8835110206543,830.4641143323012,10976491
2020-08-07,828.1995849609375,844.3559545021349,826.5447323047797,844.3559545021349,8010948
2020-08-10,828.5914916992188,833.3382556244732,823.3221706935072,826.457672654504,5716319
2020-08-11,826.0657958984375,837.8673471732026,824.0189986536602,827.3287042989302,6802442
2020-08-12,831.72705078125,835.0802407898778,820.622260203833,825.6738405797148,6908726
2020-08-13,828.4608154296875,843.5284792332567,825.891461469216,831.5962639906402,5097703
2020-08-14,830.5511474609375,838.7382293224521,829.201164058086,832.5108162210366,4663873
2020-08-17,833.9478759765625,846.9687960035885,830.9865776597209,830.9865776597209,9008210
2020-08-18,842.7010498046875,844.138161399413,834.9930411114858,839.5220636954849,6141761
2020-08-19,835.5156860351562,846.1849941600091,833.9044240310892,845.6188995020971,6622744
2020-08-20,831.9011840820312,840.915639115358,828.5479411966406,835.1672986824275,5656501
2020-08-21,826.3705444335938,839.130186936515,824.4108756425974,838.7817801099039,6513773
2020-08-24,825.1511840820312,829.1575965832683,818.009269782099,824.8027772734822,5798574
2020-08-25,817.05126953125,826.2399818358764,813.1319317116385,825.2383520182071,6233918
2020-08-26,828.1124267578125,831.1172627041618,817.3125067985687,819.7947325337095,5153601
2020-08-27,824.8463134765625,836.9527324016003,823.2350515983608,836.1253061022203,6154280
2020-08-28,814.5689697265625,829.5930966742055,812.6528385564291,828.6785952310149,7593610
2020-08-31,808.7771606445312,827.8512937797116,796.5836644710269,814.5690925907156,12808355
2020-09-01,796.191650390625,814.3512259843709,794.4061319130727,806.7302920513621,6907773
2020-09-02,804.7706298828125,806.8609644709502,795.6255090886897,796.9319549164215,5678118
2020-09-03,814.8302001953125,826.8930811315855,804.7705785947608,806.9479881688808,8827948
2020-09-04,800.5464477539062,809.5609023800091,796.4529070077833,796.9319264956519,8650342
2020-09-07,805.6851196289062,807.8625293101688,795.2335531588458,800.3287237086498,6700385
2020-09-08,818.096435546875,829.1576884511645,806.1206811180898,809.9529437990697,12891964
2020-09-09,808.0367431640625,823.9318340427951,806.5125563674717,814.3512313213672,5528947
2020-09-10,818.7496337890625,820.4480240886459,805.4674338237209,814.6125551113331,5171884
2020-09-11,823.6705322265625,831.030187468232,810.8673528652284,814.2641331796652,6671903
2020-09-14,852.1511840820312,863.1688465952603,825.9351362411305,833.5125335415748,21871587
2020-09-15,855.6786499023438,865.7382741460996,846.2722487024607,853.1092952978919,11608203
2020-09-16,872.4880981445312,875.8848786623677,855.286560896361,858.77041654156,10059251
2020-09-17,880.54443359375,889.2540719082283,866.6090122905848,866.6090122905848,15628241
2020-09-18,872.8364868164062,887.3380037422411,870.1800044146664,880.5444960073027,12897633
2020-09-21,879.5864868164062,897.9638043219828,871.399404679092,871.8348866404508,14140637
2020-09-22,877.4961547851562,890.5606136653323,863.2994534339156,878.8026006731739,12625762
2020-09-23,888.1654663085938,903.1895940789525,878.0187152752794,888.5138731438482,13486204
2020-09-24,849.5382080078125,878.8025737387143,844.8349816913309,873.5767903468092,14427432
2020-09-25,880.9364624023438,883.9412985407854,849.1898170707385,849.8865775708102,13311078
2020-09-28,880.0218505859375,885.0298924689566,869.6573600338376,883.8540594355571,8554526
2020-09-29,878.8025512695312,895.350864920791,874.5348070114925,886.64122615697,8708463
2020-09-30,878.1494140625,891.8235588880676,875.3187811880114,878.8026370335358,8048817
2020-10-01,886.33642578125,894.0444349601498,881.1977175557054,888.9057267346052,5563358
2020-10-05,913.3796997070312,918.779739088918,886.6846909814432,886.6846909814432,14212509
2020-10-06,919.5200805664062,923.2216769125178,898.2685414567296,918.8668576817984,9090819
2020-10-07,928.9265747070312,933.673285355981,901.8831035318268,910.0701853201703,9284008
2020-10-08,952.5732421875,978.9634927491102,947.9571969827468,949.3507180574111,21482613
2020-10-09,963.98291015625,969.6441756419626,948.0006371530527,953.7925684906646,10567867
2020-10-12,986.0182495117188,992.8988858617214,968.5989708123903,978.0924989672923,14633537
2020-10-13,1008.4019165039062,1015.587367756545,989.0229722164867,989.0229722164867,17523825
2020-10-14,990.2860717773438,1014.5859887338028,985.1473628939731,1012.0601718603988,16649573
2020-10-15,965.2455444335938,1032.9629737859168,951.5278658188146,1027.737191456477,44288251
2020-10-16,982.01171875,989.3713205891544,955.360246804231,970.1230412015893,18365685
2020-10-19,980.6181640625,992.027768583142,971.385969042699,988.5439133817964,12902123
2020-10-20,990.7213745117188,996.9922716734043,966.7698687542926,974.5214682450072,10448776
2020-10-21,1000.1713256835938,1005.3971088347969,988.5439794359328,993.9004284296822,19811433
2020-10-22,983.3617553710938,1008.5761157369876,978.7891952608873,994.6406944487392,11271335
2020-10-23,988.1596069335938,999.1636114651482,986.0908755738578,997.4029707400995,9069862
2020-10-26,979.3121337890625,994.4096462531312,971.1252206540659,987.9393144716614,6309368
2020-10-27,960.29736328125,976.8913791938127,948.2370183375131,973.3700980469146,10172479
2020-10-28,947.7088623046875,972.5338517896048,941.9867803525423,964.390889011552,7608392
2020-10-29,946.2122192382812,952.5065306511367,933.2274952760777,941.942687427649,6935616
2020-10-30,933.6677856445312,953.9151546471192,926.4051424153421,943.7034595988806,8800386
2020-11-02,943.9674682617188,950.701832356704,925.304614065954,937.5410873079894,7183119
2020-11-03,935.3843383789062,950.2177133173723,930.9386780666352,943.7033218793692,7204782
2020-11-04,963.0263671875,982.4374731494399,939.1257565648766,940.1820979602167,15702690
2020-11-05,971.8735961914062,988.5996816331061,967.47199475938,977.0675073733918,9568890
2020-11-06,979.5764770507812,986.927130538027,961.0456905553406,975.3949553558891,8807127
2020-11-09,1000.5281372070312,1008.8471215337156,986.9711823190069,994.1458146667874,10160320
2020-11-10,960.4735107421875,980.5447491984452,948.9852877896575,980.5447491984452,15622869
2020-11-11,988.1596069335938,991.5488188371161,956.908234063979,964.8311173266982,12514800
2020-11-12,983.9779663085938,1005.3257325201647,980.4566852840047,993.089259467524,9180976
2020-11-13,989.6559448242188,997.4028057170866,983.3176822471189,985.9586428977378,6363212
2020-11-14,997.7990112304688,1003.257061622738,995.7302799965578,1000.9241913117424,1136144
2020-11-17,989.2160034179688,1007.9668711673103,979.4885273474882,1007.7467910644353,12813968
2020-11-18,977.6399536132812,997.1389663076959,969.6289512636613,993.4416632701762,9839468
2020-11-19,965.4913940429688,981.293102162355,962.8944918598894,968.3524353291685,10092343
2020-11-20,971.3014526367188,976.2752841881243,960.5175281720618,973.6343230947389,8063554
2020-11-23,1003.4330444335938,1007.7906942734546,970.0688845033706,972.7539043277586,10546363
2020-11-24,1003.6090087890625,1016.6817412481893,997.7107994320979,1007.9665504551202,8515426
2020-11-25,982.1292724609375,1006.6461690339797,978.2558420105029,1000.9240876183953,8958701
2020-11-26,979.9725341796875,985.9146963211333,966.855847421425,985.9146963211333,10962256
2020-11-27,968.3523559570312,986.8390827525747,960.4294730446555,984.1981217817827,25306145
2020-12-01,1001.6724243164062,1003.7852145126838,972.797983170525,972.797983170525,8933802
2020-12-02,1004.3574829101562,1010.1235165773928,986.8390869046665,998.2832511595824,6741637
2020-12-03,991.63671875,1009.727343166002,988.3355177588295,1009.727343166002,16212632
2020-12-04,998.8553466796875,1000.9240776787394,981.5570330798544,990.3602351702566,10564055
2020-12-07,1006.6461791992188,1015.009221352601,1000.0437774991801,1009.9914390449577,7792141
2020-12-08,1015.3172607421875,1027.333652722522,1007.9666087123288,1007.9666087123288,12308330
2020-12-09,1034.552490234375,1038.3379109356183,1018.5307019521072,1028.258285348404,10039346
2020-12-10,1027.994140625,1031.427411655572,1012.368453623421,1018.8828460345864,9488782
2020-12-11,1023.988525390625,1031.6913279811351,1016.9900220213509,1020.9074043544209,10574009
2020-12-14,1025.1771240234375,1032.2636384849482,1010.7838000872065,1029.4466563014007,6728187
2020-12-15,1016.4176635742188,1024.4285557613134,1014.1288525866146,1017.6501333247625,6905926
2020-12-16,1026.1893310546875,1029.0064204921753,1015.5374769134664,1021.171548327468,7788404
2020-12-17,1020.46728515625,1029.0064568472642,1017.8263241620972,1026.3654958531113,6658153
2020-12-18,1047.4051513671875,1051.9827740102896,1034.9045384462956,1041.2868607153957,15995676
2020-12-21,1036.4012451171875,1064.9675989808431,1014.1731551198606,1045.8206303692841,10858352
2020-12-22,1074.4310302734375,1077.3800820720362,1035.3447836733826,1040.5386954389212,10901851
2020-12-23,1103.08544921875,1108.1912427335908,1083.2782414933815,1089.8365850669452,15878346
2020-12-24,1088.1199951171875,1100.3124102877798,1079.272732749329,1100.3124102877798,7313885
2020-12-28,1091.8614501953125,1098.6398743846044,1088.0760294385987,1090.232771464013,4607051
2020-12-29,1100.6646728515625,1104.3179166547845,1087.1957273342005,1087.1957273342005,6878105
2020-12-30,1097.583251953125,1103.3053331676717,1089.9684608446516,1103.0411941272316,5194690
2020-12-31,1105.50634765625,1107.7951590929808,1090.7169226695585,1094.2382040986772,7430470
2021-01-01,1109.5997314453125,1114.0453921542232,1105.5063278261723,1107.3549790511033,4253550
2021-01-04,1134.0726318359375,1135.6131923682199,1110.2159730853582,1117.1264659808303,7208454
2021-01-05,1138.95849609375,1143.5361188661745,1122.4524897590766,1128.5706731227374,8145280
2021-01-06,1128.65869140625,1146.1770877418114,1116.2902550512151,1144.416447054036,7161715
2021-01-07,1111.0963134765625,1142.347684839273,1105.2421618558594,1140.8951348189516,10954918
2021-01-08,1155.0682373046875,1159.205807166795,1125.2694168181652,1125.2694168181652,13186251
2021-01-11,1211.4967041015625,1217.791015480157,1179.6291535352227,1181.4778045970766,20528626
2021-01-12,1207.5794677734375,1213.081470086967,1197.2357034240022,1213.081470086967,8309868
2021-01-13,1221.13623046875,1226.1100612683126,1197.2355146942416,1209.427928406839,14442997
2021-01-14,1206.47900390625,1218.3633282789128,1160.6582880628148,1197.2356405052901,27521697
2021-01-15,1183.98681640625,1201.153063298787,1179.6292736409982,1197.235680710267,15018441
2021-01-18,1155.024169921875,1179.629076709147,1149.6981896881687,1177.8684362961483,8861765
2021-01-19,1159.0736083984375,1171.7061817280312,1154.9800979918687,1162.0226595649897,5585744
2021-01-20,1179.14501953125,1187.023950937931,1162.5070513124583,1162.5070513124583,8225838
2021-01-21,1179.364990234375,1198.1599134497121,1175.227528063781,1188.4323317498906,6142421
2021-01-22,1180.37744140625,1193.7143153151292,1167.78892571395,1168.1850268607495,9646591
2021-01-25,1166.5123291015625,1186.5836735677526,1155.8604756845532,1184.0307233783124,6542611
2021-01-27,1145.296875,1168.669425310491,1131.2997587249426,1161.6708134424678,8133665
2021-01-28,1123.46484375,1141.2913317270973,1120.2517602809414,1137.197927864108,4660690
2021-01-29,1090.760986328125,1136.6256556459916,1083.6743644373792,1132.3120643847108,12183519
2021-02-01,1109.995849609375,1125.005245731887,1092.4774547493232,1100.8845563097436,8880279
2021-02-02,1119.1070556640625,1139.4864898120056,1112.3725846333607,1126.8098574237954,6892490
2021-02-03,1130.9034423828125,1147.937617904773,1120.6476898717608,1124.7412005689066,8182968
2021-02-04,1126.2376708984375,1138.6062131817557,1119.8113976609816,1131.2115017172475,5032240
2021-02-05,1119.85546875,1134.5128237163976,1110.9642549215084,1132.444092435958,5477481
2021-02-08,1147.5416259765625,1153.2196492039,1122.8485973737208,1131.6518008027583,6921922
2021-02-09,1149.30224609375,1172.5866757624497,1142.5237150981163,1150.4906570432056,7965949
2021-02-10,1141.3353271484375,1148.2458203636193,1129.979173207175,1140.7191458914072,5951207
2021-02-11,1137.9459228515625,1140.89497401597,1129.494870462155,1134.7327326439702,4673317
2021-02-12,1153.043701171875,1165.3241277490283,1145.7810578827875,1148.8181202738297,5797875
2021-02-15,1152.911376953125,1169.4173807823101,1150.6665174479708,1162.0226695746428,4363513
2021-02-16,1135.965087890625,1161.8024615462914,1132.0916579265245,1156.7406209295905,6896421
2021-02-17,1127.9544677734375,1139.574653000407,1122.4084067790798,1135.9653611845283,4575741
2021-02-18,1137.770263671875,1149.6986502325801,1122.4087128993413,1123.289033458478,6437551
2021-02-19,1136.757568359375,1143.976151339578,1123.992924885405,1140.9830410327988,5389696
2021-02-22,1113.7811279296875,1151.9430964143678,1109.2035056526506,1140.014714143002,7371303
2021-02-23,1114.7935791015625,1136.4934957685794,1107.0468250167494,1119.0191594830774,6612942
2021-02-24,1121.792236328125,1123.8169086048074,1102.1610500403006,1109.2476716611327,4537258
2021-02-25,1122.01220703125,1144.1962341374683,1119.7673474305518,1134.2485724219769,8788221
2021-02-26,1103.305419921875,1121.792145299428,1095.7786387480553,1117.1264049578488,15132388
2021-03-01,1115.3658447265625,1130.7714503167083,1108.3232821710671,1112.1087025290365,5756286
2021-03-02,1148.3778076171875,1153.2195691671259,1126.1056615030825,1128.7906813469826,10461434
2021-03-03,1182.75439453125,1185.7914566139111,1151.458964551593,1161.3185090312531,9056399
2021-03-04,1171.1341552734375,1200.6248869768604,1167.2167727031958,1175.2276663901384,12041941
2021-03-05,1159.11767578125,1179.6291813973996,1148.8620304341473,1169.5054981242129,6486176
2021-03-08,1175.8878173828125,1184.9991108147522,1159.5578331575844,1166.2483532735523,5119392
2021-03-09,1184.5150146484375,1188.8284981205222,1160.9223877834072,1170.3858309444852,6518173
2021-03-10,1204.4102783203125,1209.5601307472373,1192.8340445141969,1194.5066746296966,7925984
2021-03-12,1210.308349609375,1225.1417252536396,1206.0828766227546,1208.6797785376261,9462061
2021-03-15,1209.2080078125,1214.7540689860443,1195.9151920576803,1206.038876053752,6658635
2021-03-16,1218.3634033203125,1237.7304516389881,1215.282281996887,1220.1681030798554,9352771
2021-03-17,1221.0042724609375,1232.4484365142844,1216.602670901958,1225.625954097866,7626744
2021-03-18,1177.076171875,1226.946334982818,1156.300635695018,1226.946334982818,10961755
2021-03-19,1183.546630859375,1193.0100744562515,1160.2622009937772,1170.826045008895,12767112
2021-03-22,1206.7431640625,1211.3207868423383,1176.1959838130717,1188.5204685629212,4862758
2021-03-23,1207.403564453125,1217.7032708042855,1196.883670526964,1208.195766894758,7165335
2021-03-24,1191.7335205078125,1206.4348254772435,1185.131118732146,1195.342811986317,6134303
2021-03-25,1174.17138671875,1190.6333351332403,1168.7133357890523,1185.5714928581822,8749994
2021-03-26,1176.283935546875,1194.3305015997794,1172.586633291157,1183.7666580566158,4922071
2021-03-30,1219.5078125,1232.4484785402813,1176.240046207622,1185.7034898821278,10546381
2021-03-31,1204.322265625,1221.8846131538799,1200.1407440742212,1216.6026911950014,8220987
2021-04-01,1219.419921875,1225.0539946053605,1206.9194136747308,1214.8422982283942,5675155
2021-04-05,1241.1636962890625,1254.4565122246502,1221.0043385653262,1224.52562000315,9479572
2021-04-06,1242.176025390625,1255.336771135885,1238.1264659665671,1252.6958101867913,5793571
2021-04-07,1259.0338134765625,1263.2153341157666,1238.258279792919,1241.4714697762877,5879234
2021-04-08,1267.5291748046875,1277.9609489690665,1250.935158480307,1258.858041257452,5654434
2021-04-09,1268.5855712890625,1280.8659961023566,1258.9020482944743,1280.8659961023566,6052712
2021-04-12,1255.1165771484375,1300.7172083820185,1245.653134606375,1297.59202855816,20384532
2021-04-13,1229.9393310546875,1263.4795076044609,1210.4402180499103,1261.498787247652,14855206
2021-04-15,1197.89599609375,1202.8698278949166,1162.022939440566,1172.8509234515661,25342491
2021-04-16,1191.7335205078125,1206.786975064139,1185.439209322817,1201.6371231713124,10879878
2021-04-19,1199.48046875,1214.577875938815,1172.8947311912377,1179.6292029840504,12508028
2021-04-20,1189.6207275390625,1213.9616035180388,1181.7419044237488,1213.9616035180388,8560766
2021-04-22,1189.400634765625,1201.4610863273435,1184.1627724101147,1193.3181242443113,6622446
2021-04-23,1174.17138671875,1187.0240430032222,1171.7064466265012,1182.2702913744486,7316262
2021-04-26,1182.75439453125,1189.576876928249,1162.9031285723656,1172.8067320518805,7088606
2021-04-27,1187.1119384765625,1191.073379873036,1179.7612853775233,1184.911137700744,3636115
2021-04-28,1193.71435546875,1196.7954765927475,1183.6786823155342,1195.4749961110342,4879234
2021-04-29,1194.0223388671875,1205.1584114218251,1189.6647966532266,1204.2780911797347,5412357
2021-04-30,1192.26171875,1209.4720227612527,1184.8230555616503,1185.1752051566957,8354677
2021-05-03,1190.237060546875,1198.1158839558777,1177.8685178052642,1180.3334575384226,4560337
2021-05-04,1170.2979736328125,1192.7900956141655,1165.632232479059,1191.9538342097132,4887060
2021-05-05,1180.9495849609375,1183.0623749987185,1168.8892408309257,1180.597435377813,3939788
2021-05-06,1198.64404296875,1201.3730142790157,1177.340335688776,1184.0307481639024,4810090
2021-05-07,1190.6771240234375,1208.723688040517,1187.1117842454348,1201.9012065218649,4991435
2021-05-10,1179.233154296875,1190.9854093423387,1175.271712767327,1188.3003893212533,7195348
2021-05-11,1171.3980712890625,1180.5093636776037,1166.5122512961696,1176.900072424771,6420988
2021-05-12,1168.18505859375,1170.826019540081,1157.1810546507043,1170.826019540081,5241898
2021-05-14,1158.8536376953125,1168.0529416338368,1154.3640257610134,1168.0529416338368,4824609
2021-05-17,1170.2979736328125,1175.1836874279068,1162.2870794002622,1162.2870794002622,5017129
2021-05-18,1179.6290283203125,1183.678479611907,1170.3856665312355,1177.868387979536,5620150
2021-05-19,1176.98828125,1194.9907890147208,1173.6870800123877,1181.3898829001496,4435878
2021-05-20,1179.012939453125,1187.6400133214966,1175.227519439831,1187.0238321383868,4490092
2021-05-21,1192.393798828125,1195.0347596228717,1185.2191671768692,1186.2315569737161,4969733
2021-05-24,1186.7158203125,1199.8765657788765,1184.1188109576708,1194.286553380612,4225371
2021-05-25,1198.64404296875,1204.2781141176345,1192.3497316257221,1195.4749115290554,4099340
2021-05-26,1230.0274658203125,1232.4483465009394,1199.040236092676,1204.1900880483613,6850024
2021-05-27,1234.4290771484375,1246.7535607141913,1225.141655477,1236.1456586607087,15365391
2021-05-28,1236.89404296875,1244.772866430296,1229.0151120462333,1241.0315052688188,4261312
2021-05-31,1240.1864013671875,1247.0825051236686,1230.6208380920684,1247.0825051236686,4429904
2021-06-01,1234.3580322265625,1246.6375894033954,1226.750137806195,1245.7477695679897,4791325
2021-06-02,1226.7501220703125,1238.584660557052,1214.6040597487086,1228.6187219765782,9272276
2021-06-03,1236.5379638671875,1244.8577563114168,1225.3262574072241,1235.158699888379,5115645
2021-06-04,1232.9788818359375,1242.9893550263232,1225.8603231227744,1240.364321328493,4194328
2021-06-07,1236.5379638671875,1238.6290184313739,1225.5487123315113,1237.7391987342248,5154576
2021-06-08,1257.2708740234375,1265.1013319051262,1241.7880960173904,1242.1884714890496,7360630
2021-06-09,1259.3619384765625,1267.9931466228882,1249.8408019576455,1257.671259223617,5394317
2021-06-10,1267.370361328125,1271.552470863138,1262.6542730264473,1267.1033719447926,3496575
2021-06-11,1287.480224609375,1291.6623340076171,1271.9528047198082,1272.5312092843928,6140828
2021-06-14,1300.738525390625,1314.26374184493,1293.3084437450773,1308.9248234623508,7132294
2021-06-15,1311.50537109375,1313.3739708729092,1301.8063139478768,1302.6961337113407,5403104
2021-06-16,1317.46728515625,1325.3421693256153,1305.810666518263,1310.43768641987,7661710
2021-06-17,1330.5474853515625,1337.0876386411505,1312.5730616381588,1312.5730616381588,7677951
2021-06-18,1337.6661376953125,1348.7888851030746,1323.5179812685233,1342.73806706502,13533974
2021-06-21,1334.99658203125,1339.8905905376864,1320.67039750686,1328.500854565387,5454052
2021-06-22,1345.274169921875,1353.8164190842874,1336.598426052742,1343.3610354471275,6427862
2021-06-23,1337.5328369140625,1356.9753804774398,1333.5286472667522,1356.9753804774398,5529809
2021-06-24,1387.4071044921875,1395.9049277395711,1344.6957505278851,1349.8567492468076,10785137
2021-06-25,1400.7542724609375,1404.135631117183,1372.9919384117954,1398.7967123676879,9780240
2021-06-28,1398.61865234375,1406.0486251381994,1388.6526064998027,1399.5974322927402,5019178
2021-06-29,1390.8328857421875,1400.2649539245465,1387.4069926061065,1389.0087116988348,5913567
2021-06-30,1406.627197265625,1415.7033158675802,1398.8412739382577,1398.8412739382577,6058722
2021-07-01,1388.474853515625,1403.1123459447122,1387.27361849601,1403.1123459447122,4814317
2021-07-02,1395.0596923828125,1396.5278083315611,1372.636165574309,1387.1846993165,5166064
2021-07-05,1404.9810791015625,1410.3645329120188,1389.0533898850238,1396.2609093070173,4058338
2021-07-06,1390.0765380859375,1411.9216590381186,1385.538478536323,1400.3094664482746,4089574
2021-07-07,1392.2119140625,1397.5064065759718,1374.4600540728256,1393.50221783058,4797120
2021-07-08,1388.7862548828125,1402.356006852675,1378.3308722175086,1395.2374484422553,3326813
2021-07-09,1390.699462890625,1396.9282018298825,1380.11058496977,1384.5596842120967,3436594
2021-07-12,1377.3074951171875,1404.1355826311178,1364.7610582132302,1397.5064688609696,4588982
2021-07-13,1374.7271728515625,1384.9156755957686,1367.0303178269412,1384.9156755957686,4456160
2021-07-14,1403.15673828125,1408.4066963536977,1368.631689694828,1382.7798449678412,5657716
2021-07-15,1406.627197265625,1420.9087400251894,1384.5596225581112,1386.2503019190274,10021355
2021-07-16,1384.070068359375,1401.1546725054604,1378.8646446149278,1400.3538130169516,6265593
2021-07-19,1371.8350830078125,1381.801129510059,1368.1424178936406,1374.5045422926073,5669162
2021-07-20,1379.265380859375,1386.0724162048894,1368.5430076051287,1368.80999702364,5069939
2021-07-22,1414.991455078125,1417.3494993598415,1389.3647090584504,1389.3647090584504,7854575
2021-07-23,1415.2139892578125,1422.3770827631295,1410.409048786803,1413.5234183768378,4179719
2021-07-26,1427.1820068359375,1434.0781103240706,1418.4617292994851,1418.4617292994851,4586710
2021-07-27,1425.9805908203125,1431.9868737411334,1421.8429075285223,1428.1606056174205,5892859
2021-07-28,1428.6947021484375,1430.4743418144471,1410.8093452291575,1428.249792231935,4686788
2021-07-29,1438.838623046875,1441.5080824588358,1423.8006466353795,1423.8006466353795,4660873
2021-07-30,1433.0548095703125,1444.5335068880067,1429.184115105897,1432.6098996635847,6234257
2021-08-02,1451.78564453125,1454.6330246516857,1440.796282299438,1448.1372961874185,5553389
2021-08-03,1472.829833984375,1475.89977776786,1455.3893859177253,1465.5333543568822,5513668
2021-08-04,1467.535400390625,1494.8084007547138,1458.4592812898322,1485.198302842802,6740391
2021-08-05,1471.3614501953125,1482.4396623268976,1465.577621980952,1467.7576368596744,5420536
2021-08-06,1468.3804931640625,1477.679174629946,1462.863654218039,1474.43131085115,3754855
2021-08-09,1480.037353515625,1483.7300188807942,1464.9993767983387,1477.990724476605,5018477
2021-08-10,1492.4503173828125,1494.8973219276345,1478.0352795124588,1484.2194839138658,6846517
2021-08-11,1492.717041015625,1498.4563344779585,1484.2192196610658,1490.2700369064714,4899639
2021-08-12,1503.439453125,1509.5792312272279,1489.5582865159915,1494.1408800295676,5659579
2021-08-13,1523.5494384765625,1532.714625987303,1504.9522913044452,1510.0242207840076,5612790
2021-08-16,1516.60888671875,1530.4455194170107,1503.8844201483496,1519.5452268822864,4564109
2021-08-17,1549.7547607421875,1556.205954643305,1500.7257088178133,1516.164061463956,9510390
2021-08-18,1542.4581298828125,1562.078700442846,1536.7188354684106,1538.4984751157394,6686090
2021-08-20,1542.01318359375,1552.7355556641908,1527.0197416428282,1527.0197416428282,6206972
2021-08-23,1547.17431640625,1559.9877444028339,1541.1680322160316,1544.504856766153,6189051
2021-08-24,1531.2462158203125,1563.4132198422624,1523.9941635089963,1557.184481914604,7602939
2021-08-25,1544.326904296875,1554.4263380022362,1528.7105222770665,1528.7105222770665,6153253
2021-08-26,1537.341796875,1553.6255444836327,1530.4902270972784,1542.947705689931,5302248
2021-08-27,1520.5240478515625,1537.3415544026807,1517.3206098222295,1534.939084501257,6698514
2021-08-30,1510.9586181640625,1529.2888850881866,1504.151474684652,1515.4077173505289,6559667
2021-08-31,1518.4329833984375,1526.0409862826573,1500.1027168908208,1512.8271837232185,12255438
2021-09-01,1492.8951416015625,1521.1469197245544,1488.8019923220322,1521.1469197245544,7801974
2021-09-02,1502.99462890625,1507.6217571200289,1479.4589382302909,1492.5392460722514,6830050
2021-09-03,1513.27197265625,1517.987952137385,1498.812401784732,1509.1788235490428,5339139
2021-09-06,1539.7440185546875,1541.1677083394327,1512.1150736376733,1517.276071305513,4876026
2021-09-07,1518.611083984375,1543.748494999435,1516.2530396340658,1539.3883559665105,3520341
2021-09-08,1506.6875,1513.450109310874,1497.522311859604,1513.450109310874,4584896
2021-09-09,1505.2191162109375,1508.155564929437,1496.8103627488554,1500.1471869196148,3331674
2021-09-13,1505.4859619140625,1514.028209251846,1490.6259078527967,1497.5665449138153,4662374
2021-09-14,1500.36962890625,1509.089797491508,1493.6514461855788,1509.089797491508,4945167
2021-09-15,1522.8819580078125,1526.1298217987796,1503.973288440521,1506.6872821089974,4062344
2021-09-16,1514.69580078125,1529.8227378429513,1505.0857031997,1526.2189240947241,3246568
2021-09-17,1504.9522705078125,1528.7104157088386,1498.8569179841036,1510.024199917287,7454864
2021-09-20,1501.8824462890625,1519.545348989545,1493.073207849401,1499.3464813829482,5660743
2021-09-21,1529.1109619140625,1536.4965105236413,1499.035114501679,1512.693828226547,4672222
2021-09-22,1527.731689453125,1547.3077257336527,1524.3059048281496,1527.8206497121014,4553892
2021-09-23,1550.5555419921875,1552.7355570624668,1531.4688420353173,1541.1678996173023,3826090
2021-09-24,1569.508544921875,1590.997713616821,1559.3645780438271,1564.3031211064717,8280446
2021-09-27,1531.513427734375,1574.0912850316047,1528.7994337947073,1573.8688300732904,5045337
2021-09-28,1501.2152099609375,1521.5921084591596,1490.4484103328025,1521.5921084591596,6557197
2021-09-29,1505.797607421875,1513.9394805910563,1472.6518187520774,1476.4335530298395,7792548
2021-09-30,1490.626220703125,1515.3632568348667,1486.088161035665,1515.3632568348667,6914031
2021-10-01,1481.68359375,1493.963042912064,1478.2132744965895,1481.6390593077983,5733906
2021-10-04,1493.7850341796875,1502.0158675772525,1481.9059612165079,1488.223660262414,2947154
2021-10-05,1506.2869873046875,1515.3185712967768,1479.7703140555798,1486.8888723913853,4373310
2021-10-06,1489.157958984375,1520.702027218349,1485.9990552689544,1514.562248918571,4271698
2021-10-07,1504.685302734375,1516.4308808095564,1491.9164101508402,1501.1260234848555,5476108
2021-10-08,1533.915771484375,1540.7229143721906,1511.2699020416023,1517.3651456732186,4738376
2021-10-11,1504.6407470703125,1539.3882537018142,1480.3931575250094,1496.6769033100875,8840633
2021-10-12,1499.4798583984375,1502.9056429059303,1478.8805082946456,1492.227805300915,7439300
2021-10-13,1520.8800048828125,1524.839768285372,1494.9418438218438,1509.089892174887,7104171
2021-10-14,1526.7083740234375,1587.0826277925394,1511.0919925515338,1560.7439825365639,19655776
2021-10-18,1594.690673828125,1600.7859181068043,1548.286546695853,1548.286546695853,13438109
2021-10-19,1621.3851318359375,1632.3743843811635,1585.9258353711248,1614.133078913835,10324260
2021-10-20,1603.7666015625,1644.3868947949425,1596.38116282424,1627.836269201316,5876115
2021-10-21,1560.4326171875,1614.1332239446729,1554.3817986991194,1614.1332239446729,8779629
2021-10-22,1530.3121337890625,1568.9302261697185,1518.9223969134766,1557.0956880152075,7369809
2021-10-25,1519.4117431640625,1539.1656979786608,1501.303824526678,1532.3141294168104,5905209
2021-10-26,1529.42138671875,1549.9788722496721,1522.4193469581496,1535.121906435582,5871709
2021-10-27,1552.0882568359375,1556.7563923180637,1527.132103632975,1534.2688202556412,5090259
2021-10-28,1529.6009521484375,1548.318096377301,1518.9631602125999,1543.4704630848398,5329972
2021-10-29,1497.148681640625,1537.4107603815037,1491.1340972820406,1525.2019847743497,5875091
2021-11-01,1526.1446533203125,1532.5631615525838,1504.5547869181817,1505.901345498359,3636806
2021-11-02,1524.2144775390625,1531.8897952602304,1513.8459332272816,1521.611109181932,3471772
2021-11-03,1528.3441162109375,1541.7647740148589,1525.202145927978,1534.1792038792905,3530713
2021-11-04,1533.9097900390625,1541.3607916889025,1530.5883225565397,1539.565380166842,483407
2021-11-08,1559.7637939453125,1562.9057641777204,1528.792944511578,1553.0310005901529,5245903
2021-11-09,1564.2523193359375,1570.9851126759775,1549.4401739878497,1557.2950995512297,4016134
2021-11-10,1562.1424560546875,1571.8376109976302,1545.8041480260454,1549.4398996191524,4780368
2021-11-11,1555.9932861328125,1561.7834438877305,1534.1789944556008,1555.6790014808366,4731349
2021-11-12,1598.095703125,1600.4746452356892,1560.257494120251,1564.7010936682932,5069009
2021-11-15,1604.3349609375,1615.8704586842389,1593.8766663299257,1599.801502761789,4354074
2021-11-16,1608.9580078125,1623.9047204027208,1595.2230664459416,1606.8932408206165,6034233
2021-11-17,1604.6041259765625,1617.665788691909,1598.544612062206,1609.1825130450993,4732492
2021-11-18,1597.377685546875,1606.3995628785876,1579.0644657331543,1599.3525944279756,4326924
2021-11-22,1579.423583984375,1602.7639344525808,1572.017511239656,1601.5071244338014,6621839
2021-11-23,1559.2252197265625,1568.5164528029118,1535.0769118860949,1557.6093054597075,8436160
2021-11-24,1522.5089111328125,1562.4568159355308,1515.3272653255822,1562.0079630725788,7333061
2021-11-25,1546.20849609375,1549.6197123932054,1523.3618176709108,1526.0998642017403,4476260
2021-11-26,1518.604248046875,1542.5729523811524,1511.7367758125508,1528.3892645338067,4494181
2021-11-29,1522.8232421875,1536.872360153446,1498.4056877753633,1518.0205379786664,3942776
2021-11-30,1537.455810546875,1552.9412350958905,1526.1447397494564,1530.1844157187647,14808963
2021-12-01,1539.4755859375,1563.7136407678477,1537.769923125387,1539.5653345943017,5193264
2021-12-02,1569.4139404296875,1571.4337781908582,1536.2885792298446,1539.5652268479416,5559574
2021-12-03,1558.0133056640625,1603.8860489685592,1555.3201883320971,1589.926680297916,6754012
2021-12-06,1521.880615234375,1556.5768551113895,1518.4692895209917,1553.030961200896,3991449
2021-12-07,1536.5582275390625,1548.4528299545664,1520.7136974991224,1527.0873870655005,4202122
2021-12-08,1573.992431640625,1579.782699760564,1555.3650364192983,1555.724140653463,3029169
2021-12-09,1583.05908203125,1588.4004967272194,1563.8033384876364,1579.0643354763217,2082171
2021-12-10,1579.288818359375,1583.3284941772615,1567.394217340042,1579.962097662356,1823469
2021-12-13,1566.182373046875,1590.1510729588513,1560.930816277759,1586.2910039483113,4040584
2021-12-14,1572.9150390625,1582.6551238353716,1535.3908975682284,1553.8387932420226,4768144
2021-12-15,1556.80126953125,1569.144723607344,1545.1310947683974,1566.4965354752162,3053149
2021-12-16,1590.3753662109375,1595.7616003093601,1578.1665908378222,1582.3409441807426,4481031
2021-12-17,1634.5875244140625,1653.5740233084343,1621.9298950122225,1633.824496428529,18887243
2021-12-20,1614.8829345703125,1642.4873870491053,1604.469569535608,1617.3964449810487,5773891
2021-12-21,1626.28369140625,1649.983144782225,1616.7680325096776,1616.7680325096776,5353584
2021-12-22,1638.0435791015625,1642.0384352948865,1626.956935405642,1638.3129346501346,4156428
2021-12-23,1667.578125,1671.1689478831108,1640.1083518608461,1643.9236011741514,4112933
2021-12-24,1672.8746337890625,1683.871529020571,1664.346429323811,1681.357909134367,3780347
2021-12-27,1675.253662109375,1682.7494834505653,1656.3120920810711,1669.732749649534,2647733
2021-12-28,1694.8685302734375,1701.9604279258667,1686.2505766124211,1688.3152341779669,3340933
2021-12-29,1692.6690673828125,1700.0751395868292,1684.4550381126232,1690.8287268200424,3236635
2021-12-30,1699.2222900390625,1714.4384680998746,1682.6147338295473,1691.7264690178984,4584738
2021-12-31,1694.64404296875,1704.1597020773836,1680.191002196057,1696.6638809222288,4619420
2022-01-03,1704.24951171875,1718.2538096972232,1694.6441036073452,1694.6441036073452,3329616
2022-01-04,1704.8779296875,1711.6107229414722,1685.8914307946536,1704.2494699005285,3921999
2022-01-05,1655.95263671875,1708.243987279682,1651.7782838131254,1705.6406191548579,6995719
2022-01-06,1631.8497314453125,1641.0062872454457,1615.8705235458438,1641.0062872454457,6449205
2022-01-07,1628.70751953125,1648.1876896772642,1621.9747266812612,1629.739793435008,4834389
2022-01-10,1661.428955078125,1678.6200425032102,1627.5405622351159,1629.3359737764672,7857560
2022-01-11,1665.7828369140625,1678.7098221671822,1660.890384206812,1665.2442353583547,5142287
2022-01-12,1685.397705078125,1695.7662508688193,1669.7327827506638,1677.7223862621913,5362535
2022-01-13,1702.7681884765625,1716.8621239088293,1675.4329845969487,1710.1293312660496,14277630
2022-01-14,1731.9886474609375,1735.2652955175927,1688.5845943448485,1689.482300136632,7688506
2022-01-17,1741.1002197265625,1754.0272038314308,1733.020868358922,1740.2474431377093,5262464
2022-01-18,1724.2684326171875,1746.0377984851907,1715.9197247602908,1725.480313542678,3690315
2022-01-19,1676.0616455078125,1720.0043002642583,1672.2912154253556,1720.0043002642583,5747770
2022-01-20,1637.1458740234375,1658.9601668033267,1629.7847309693936,1655.369343931458,5533463
2022-01-21,1603.0330810546875,1623.0519627022786,1594.325379291619,1611.3817881916982,8252758
2022-01-24,1559.13525390625,1587.7271576234307,1551.235400164719,1584.450510006209,7116712
2022-01-25,1545.98388671875,1562.0079114802231,1526.5485364782296,1549.9786332337899,9137653
2022-01-27,1506.8887939453125,1534.8074198145066,1494.6800181163808,1527.8951296300781,11231734
2022-01-28,1513.711669921875,1550.8318971708288,1507.6970841251398,1509.043642997535,10998502
2022-01-31,1558.5965576171875,1570.5360869932047,1539.8794161078179,1542.2583580762077,8788872
2022-02-01,1590.779541015625,1597.9162579975496,1557.2501431039855,1585.4381259763172,5119935
2022-02-02,1604.289794921875,1609.406783035397,1590.7344611033814,1605.9954576263822,4253717
2022-02-03,1560.70654296875,1597.018700619469,1556.6219375346593,1597.018700619469,3832922
2022-02-04,1562.9954833984375,1574.530980546349,1535.2115338427761,1554.826382864696,4700077
2022-02-07,1539.5653076171875,1554.8263048355502,1521.9702974467775,1546.0287449587365,4310209
2022-02-08,1541.630126953125,1548.5424173887602,1522.5089506616448,1535.0768311505972,6053401
2022-02-09,1559.5843505859375,1564.701229879619,1548.5425252681255,1557.519583385622,3867244
2022-02-10,1588.580078125,1592.4402566950537,1569.8629350970984,1576.0571267076214,4334630
2022-02-11,1545.265869140625,1567.3494100787207,1537.770047567958,1562.0081043597472,7551371
2022-02-14,1510.1204833984375,1542.7521732317396,1506.5745897197955,1517.1226316856573,7459637
2022-02-15,1560.4371337890625,1568.0676332207938,1517.5267519749755,1525.2021805307736,4669915
2022-02-16,1555.9932861328125,1575.8773791141023,1550.2030187946825,1560.4368853788462,5350642
2022-02-17,1548.363037109375,1570.0874740490895,1544.3233609325764,1565.5989449637575,3937950
2022-02-18,1532.3388671875,1546.298236171717,1529.24182601946,1535.0769137031268,5602215
2022-02-21,1553.6593017578125,1559.5842473898958,1518.469280099005,1526.997484746324,5120890
2022-02-22,1556.9359130859375,1571.8827354279815,1518.0653206725158,1526.009994477481,8878515
2022-02-23,1564.56640625,1578.3910963789203,1556.083130953027,1570.9850241223437,5478811
2022-02-24,1506.48486328125,1539.5203677498448,1499.6173926642882,1517.212402711859,13592379
2022-02-25,1521.2520751953125,1551.3701456178273,1505.4524766061313,1539.5652936073436,9737281
2022-02-28,1540.103759765625,1551.2802606297623,1494.6798767200826,1510.1203697514156,15076542
2022-03-02,1528.613525390625,1539.0268910626946,1518.0205528032943,1535.0769635089493,6771489
2022-03-03,1544.8167724609375,1556.531875228253,1531.0819415295864,1544.2332418617573,7344147
2022-03-04,1547.016357421875,1558.4171765738909,1509.043360495801,1521.8356673887606,9074499
2022-03-07,1561.8734130859375,1571.8828546653579,1522.5090357009976,1523.4067415003497,9742588
2022-03-08,1596.3001708984375,1615.8701982437856,1542.6622573734007,1542.6622573734007,10984500
2022-03-09,1627.854736328125,1644.2378666327916,1607.7910342826165,1607.7910342826165,10193515
2022-03-10,1639.12109375,1656.0428266961933,1625.027046496264,1656.0428266961933,6547182
2022-03-11,1635.61962890625,1644.0580835955138,1625.744867151053,1628.4379839933795,4758657
2022-03-14,1697.2923583984375,1701.1525372767376,1644.1931465505527,1644.1931465505527,10289724
2022-03-15,1651.1502685546875,1695.1826708755325,1642.8015610504856,1695.1826708755325,7140443
2022-03-16,1696.125244140625,1700.2097395006322,1659.8579103906748,1674.2212022058457,5233979
2022-03-17,1664.885009765625,1726.5574586044008,1645.5395172103943,1726.5574586044008,17731459
2022-03-21,1663.4937744140625,1693.8810937888873,1652.766124367728,1670.6304916817223,8362085
2022-03-22,1694.329833984375,1696.6638469895154,1650.880854292973,1660.7556174235997,5709382
2022-03-23,1680.8642578125,1705.6409144424942,1667.0395674314273,1702.947797209164,6192824
2022-03-24,1693.701416015625,1700.7933134465572,1666.2765707577757,1666.2765707577757,3784303
2022-03-25,1684.58984375,1700.2547659493473,1667.937357515252,1698.4593543696753,3438588
2022-03-28,1682.2109375,1688.494878163367,1663.1346890576358,1675.11903969184,4008555
2022-03-29,1693.0731201171875,1696.1253417201522,1670.226551592587,1682.2109019736959,3917785
2022-03-30,1709.18701171875,1722.6975286138668,1701.1525881830523,1714.6181759523113,7795839
2022-03-31,1711.7901611328125,1717.3110733270107,1700.4341616533945,1705.640898756571,5399145
2022-04-01,1708.827880859375,1714.887394872627,1686.1608099209134,1693.8361285877643,6171518
2022-04-04,1690.3350830078125,1699.3570700816317,1681.4029541800826,1696.43952624763,7364074
2022-04-05,1670.7200927734375,1696.3047057811573,1667.1741990144267,1691.0980783575872,5472024
2022-04-06,1641.76904296875,1667.488333118964,1635.7544586287402,1665.244068875197,5407453
2022-04-07,1625.7451171875,1641.1407927539321,1622.6480761757875,1634.7671038301394,5797544
2022-04-08,1628.976806640625,1649.9831427798194,1623.0519706996265,1636.517556739723,5131446
2022-04-11,1585.842041015625,1628.4381324552166,1582.2512182318208,1628.4381324552166,8248407
2022-04-12,1564.207275390625,1577.7177902011679,1551.0110452461267,1577.7177902011679,6456184
2022-04-13,1569.683349609375,1577.7177718117732,1554.8262764028398,1575.4285784375936,6257693
2022-04-18,1455.540283203125,1481.2146485276237,1427.3522976720737,1441.2667383097576,30523965
2022-04-19,1402.2164306640625,1469.2301891678217,1391.4439612863616,1469.2301891678217,17044923
2022-04-20,1425.287353515625,1433.007710513435,1403.114065665019,1413.8865344992996,10678747
2022-04-21,1453.2060546875,1460.7466950238763,1426.6788069866927,1431.8406148458548,7766514
2022-04-22,1423.2674560546875,1445.934524945016,1420.5295194238047,1440.2341156753782,8134245
2022-04-25,1401.4085693359375,1411.9117934470682,1395.1246284360798,1411.9117934470682,7000570
2022-04-26,1419.272705078125,1429.1474677320525,1406.3009016069334,1415.861379600755,5345435
2022-04-27,1393.957763671875,1411.8669525219766,1391.758318469584,1411.8669525219766,8819356
2022-04-28,1420.7091064453125,1437.9451226972992,1398.131784782489,1409.3980358449844,9245177
2022-04-29,1407.1988525390625,1433.9056016437141,1401.1393380363265,1427.352305088943,9831395
2022-05-02,1383.364501953125,1393.9125440673035,1374.387444834675,1392.2518104170338,7072627
2022-05-04,1378.47216796875,1409.3980885628416,1373.6245347920797,1388.9752818655138,6220959
2022-05-05,1422.9981689453125,1426.8134180541488,1398.1316560624994,1400.465778478004,6144870
2022-05-06,1385.0252685546875,1402.0816774855332,1378.0232295856404,1391.4438864637286,6171472
2022-05-09,1409.712158203125,1424.4794830755254,1366.4427862489936,1382.4668114652425,6832202
2022-05-10,1394.1370849609375,1408.6350553142338,1387.8980735846474,1398.6256138886934,6212545
2022-05-11,1370.5721435546875,1391.3988714459604,1356.9718806196374,1391.3988714459604,7846080
2022-05-12,1354.4586181640625,1371.2456735751925,1350.4189418752976,1359.1266447088979,7034979
2022-05-13,1350.5086669921875,1372.8166348589282,1344.8530764532477,1363.8845057206029,6723761
2022-05-16,1336.773681640625,1357.196488541389,1327.3926998865318,1355.5357547320384,6145331
2022-05-17,1363.1212158203125,1369.0012321589384,1329.4124315587235,1341.9803117228055,6516378
2022-05-18,1354.8173828125,1391.1744632386558,1351.3164182898859,1366.30805947183,6594126
2022-05-19,1281.1607666015625,1332.8236661016863,1272.6325620859147,1329.502198702564,16561140
2022-05-20,1306.2965087890625,1316.709873291496,1298.7108296562692,1304.3664195619865,10488908
2022-05-23,1318.191162109375,1335.7861731182122,1301.718283302418,1306.2516316480803,5887569
2022-05-24,1293.5938720703125,1319.2234128138036,1288.4320644614268,1318.3705266763216,5693167
2022-05-25,1266.1689453125,1294.940456480411,1256.1146854282254,1288.207663812402,9630092
2022-05-26,1278.287841796875,1283.7190044953286,1263.116704864856,1272.9465373247385,13040065
2022-05-27,1311.8621826171875,1316.9342416608813,1290.3621752658935,1296.2420817605998,8284860
2022-05-30,1370.6170654296875,1373.4896797501283,1333.0929244633599,1334.8883358094386,10904213
2022-05-31,1364.085205078125,1377.1490921324805,1350.0688109873222,1370.5263940981097,16033857
2022-06-01,1341.359619140625,1374.2006803920185,1335.50802974436,1372.613057886202,8738508
2022-06-02,1368.0770263671875,1373.3841995793427,1338.6833068349495,1346.3039171942348,7205840
2022-06-03,1380.505615234375,1410.7158444976426,1377.1489723134544,1383.4087625181735,9395707
2022-06-06,1388.0810546875,1394.0232323627165,1354.4687745578685,1375.334669946235,6624883
2022-06-07,1366.8974609375,1378.827331227114,1363.1779106621018,1378.827331227114,4904592
2022-06-08,1360.8192138671875,1379.1448683164317,1353.5615113932292,1379.1448683164317,4697608
2022-06-09,1374.4273681640625,1376.1963887958834,1344.0357398911278,1347.2109846360613,4361061
2022-06-10,1339.7718505859375,1355.3304608518883,1336.8687033026622,1348.208862822303,6516436
2022-06-13,1292.3248291015625,1309.6525740541358,1280.712459207355,1309.6525740541358,6987685
2022-06-14,1306.885498046875,1314.4607030952413,1272.9557157577426,1279.1701015491417,6090247
2022-06-15,1290.238037109375,1312.1926539494157,1287.1988962903904,1306.5678679807882,4651958
2022-06-16,1267.5576171875,1309.7884152368779,1262.8401551582572,1304.5719418948088,6641772
2022-06-17,1258.576416015625,1267.3309313181774,1240.2960551585052,1261.9784641623437,9692047
2022-06-20,1282.9351806640625,1290.3742823551895,1253.7682629623148,1261.0713713096377,4595194
2022-06-21,1315.3680419921875,1320.9020186854545,1290.7371889318204,1291.871205087972,6270787
2022-06-22,1303.8916015625,1324.1677855678092,1301.8503727550444,1302.8029904960238,6253366
2022-06-23,1317.68115234375,1322.716227548584,1300.0359081461734,1306.2049993211278,6254281
2022-06-24,1307.38427734375,1331.33471619266,1296.3163260449612,1322.716195031617,6114340
2022-06-27,1337.7760009765625,1346.3038236253658,1329.202884133053,1331.8338234573516,4511097
2022-06-28,1342.81103515625,1350.1594366168376,1318.1801857243508,1332.6955903847702,4412178
2022-06-29,1327.4791259765625,1339.9533019425135,1321.8090459920393,1328.794540235472,5060038
2022-06-30,1326.25439453125,1344.489349388375,1319.994604156603,1329.1121369570396,9165177
2022-07-01,1342.130859375,1347.2112297424467,1308.5185753051305,1319.0876283134799,4651635
2022-07-04,1349.932861328125,1353.788516341999,1326.3453247726604,1342.9019610087078,4800224
2022-07-05,1339.0008544921875,1369.846093530671,1335.4174077837515,1359.7307581468851,7379669
2022-07-06,1353.2440185546875,1360.8192234162877,1333.602838947962,1344.6707910009138,5209162
2022-07-07,1359.6396484375,1373.4746423083272,1356.9180102989767,1363.5861123333505,3323472
2022-07-08,1373.9283447265625,1376.1963766672407,1360.7737594706286,1374.4273560510105,3652582
2022-07-11,1336.4605712890625,1360.7285139218584,1330.3368848303196,1356.2831490104652,4702638
2022-07-12,1305.116455078125,1332.3328420632538,1302.7577236881664,1326.163860792882,4710356
2022-07-13,1310.4234619140625,1324.530665006667,1305.116289274943,1315.4585371641556,5264025
2022-07-14,1296.2711181640625,1318.134926705403,1282.799028870994,1316.3659058640824,6157606
2022-07-15,1297.6318359375,1311.8297387301836,1279.7597876672385,1311.8297387301836,5620018
2022-07-18,1351.6563720703125,1355.0130151308297,1313.6895385614898,1315.4585592229448,5835171
2022-07-19,1346.4398193359375,1348.8892494530244,1333.6934359551399,1335.0089608832923,3418540
2022-07-20,1374.69970703125,1384.225442171951,1360.8193058144393,1361.953321902618,5079392
2022-07-21,1390.6666259765625,1392.9799523411634,1363.6316382423909,1376.2419192424743,5008061
2022-07-22,1366.5345458984375,1397.1075698502627,1353.697463935806,1391.6642936040928,7020642
2022-07-25,1364.085205078125,1376.3779833666647,1342.765703322451,1342.765703322451,7859626
2022-07-26,1316.501953125,1357.780137915972,1310.9225719330734,1357.780137915972,7268273
2022-07-27,1334.5555419921875,1336.3245627981846,1310.9226023376623,1316.3658795792028,4517285
2022-07-28,1376.6048583984375,1383.000642812574,1351.6110990365607,1357.5533877504583,6636841
2022-07-29,1405.90771484375,1411.35099196503,1386.2212402192902,1390.5759062138168,7009465
2022-08-01,1407.1324462890625,1418.8808076559778,1395.2025759173741,1418.8808076559778,2983249
2022-08-02,1400.3736572265625,1403.4582028981656,1386.5386620137654,1403.050001435288,4374635
2022-08-03,1420.7860107421875,1424.3241629773152,1397.017078561979,1405.2726932814403,6011955
2022-08-04,1451.4498291015625,1455.0332754831431,1428.8148025431328,1440.200367858984,7402209
2022-08-05,1466.6456298828125,1474.8558394703302,1453.6271480443154,1459.1611241061719,5361971
2022-08-08,1469.1405029296875,1471.499234177275,1447.9117002138908,1466.963169953547,3763409
2022-08-10,1453.76318359375,1470.7734244892295,1440.744701377161,1470.7734244892295,4423829
2022-08-11,1469.639404296875,1479.981652880995,1466.0559578558064,1478.7569376887157,3462090
2022-08-12,1446.1878662109375,1464.2414226287779,1442.6044200379383,1463.6064179821378,3562286
2022-08-16,1448.3199462890625,1459.7055121386732,1443.4663795689878,1459.7055121386732,3004430
2022-08-17,1457.2105712890625,1462.4270449294747,1437.9322991397132,1448.319841482686,4067324
2022-08-18,1436.072509765625,1449.9075054695088,1427.9529992074047,1446.187955002789,4635706
2022-08-19,1448.90966796875,1455.985972727663,1438.023113412736,1438.2046224349253,4739884
2022-08-22,1429.4500732421875,1450.6334729783907,1427.9531497610926,1438.8397049053958,3950555
2022-08-23,1399.28515625,1410.262409855025,1390.7573331024466,1404.3655261856406,5551574
2022-08-24,1394.83984375,1402.5511534552845,1388.9429598577235,1392.5718114837398,2888426
2022-08-25,1377.28515625,1405.0004412820567,1373.2933977181217,1404.3654366095145,4331088
2022-08-26,1380.36962890625,1401.598319043365,1376.6499679693022,1392.707700379583,3079136
2022-08-29,1326.1185302734375,1332.287622633787,1315.4587781060266,1332.287622633787,8079050
2022-08-30,1354.4234619140625,1357.2812047129148,1329.9741184273807,1336.4153079026626,6725875
2022-09-01,1328.3409423828125,1331.8790944646682,1316.4111826136234,1324.576097843867,8140604
2022-09-02,1318.1802978515625,1340.8606195627042,1313.644233509334,1340.8606195627042,5175653
2022-09-05,1325.710205078125,1330.8812741156314,1312.1473062882924,1316.3658682629728,3669352
2022-09-06,1320.0853271484375,1333.602820058323,1311.330701453046,1325.7101129718044,3428442
2022-09-07,1322.3988037109375,1329.7472054847017,1304.6174543928623,1306.386475113744,3600574
2022-09-08,1338.9554443359375,1343.6729067769502,1327.7966821761806,1338.13893063629,4061475
2022-09-09,1371.388427734375,1378.963633440377,1342.6751167708933,1349.93282010479,4816910
2022-09-12,1393.6602783203125,1402.4603090481628,1380.0067919378967,1384.2253536649393,5494819
2022-09-13,1401.598388671875,1408.9014961011296,1398.2871505052733,1407.903584157342,4947158
2022-09-14,1338.5018310546875,1359.8666267473366,1335.4172852850338,1358.097606026967,14332197
2022-09-15,1299.8546142578125,1338.3203504578364,1296.45256607429,1338.138952185551,12784100
2022-09-16,1249.277587890625,1292.7784028322828,1241.3847690902326,1292.7784028322828,20464045
2022-09-19,1261.2979736328125,1275.5411699960084,1252.4979432114847,1262.8401910629045,6595241
2022-09-20,1259.7103271484375,1282.3906462376121,1256.5803766678841,1277.3101661666406,7219797
2022-09-21,1249.4588623046875,1259.9372147231684,1241.4300509581421,1251.8629984379054,7917054
2022-09-22,1241.021728515625,1255.5371335852622,1233.80943091915,1239.5702101574118,9168498
2022-09-23,1238.7535400390625,1265.38032144615,1235.6237005136707,1240.6133703762443,10426200
2022-09-26,1252.1805419921875,1269.5989844950832,1229.2734174239552,1233.8094816948922,9414587
2022-09-27,1264.246337890625,1275.994698388099,1250.1391357119094,1264.1555280230843,8561254
2022-09-28,1265.289794921875,1275.405240966301,1249.232170793064,1251.0465966039471,7022098
2022-09-29,1268.8734130859375,1279.0341538157757,1263.747637776068,1274.5434940163757,6119965
2022-09-30,1282.2998046875,1287.6070878182486,1248.3247318287565,1260.0730925292116,8120130
2022-10-03,1264.427978515625,1280.9846139293722,1257.3970785454037,1280.9846139293722,4943169
2022-10-04,1296.7701416015625,1299.3556762181945,1282.7990407907328,1287.9701100239968,6631341
2022-10-06,1320.1309814453125,1324.3495439237433,1310.1062337837336,1310.9227476091994,6180672
2022-10-07,1316.54736328125,1322.5803514308293,1306.5227268238814,1312.1474027075963,3994466
2022-10-10,1326.934814453125,1329.066742368926,1294.0029457542655,1294.0029457542655,5274677
2022-10-11,1291.689697265625,1342.3575126771138,1288.3329432818086,1326.9348942612842,12824774
2022-10-12,1296.1348876953125,1307.3843486042717,1282.3907023211864,1303.664798259727,5481467
2022-10-13,1288.151611328125,1304.5267376311374,1283.7062459953604,1298.2216523105023,4821514
2022-10-14,1337.45849609375,1355.37594923796,1331.1080063717516,1347.2110338811046,14990688
2022-10-17,1351.7017822265625,1356.2832515544005,1338.5926004471692,1339.8627206241326,4286396
2022-10-18,1364.1759033203125,1370.753196410842,1358.3244247993434,1369.8913885102745,4692004
2022-10-19,1347.619384765625,1365.310036666888,1343.8545397508806,1364.448228692281,3553171
2022-10-20,1361.6357421875,1364.448079777653,1337.4130934739194,1338.138908026621,4583939
2022-10-21,1361.27294921875,1366.2626201422443,1352.9719290790936,1361.0915509372185,3594485
2022-10-24,1377.012939453125,1380.5964964935235,1370.7985538626567,1377.6026499274944,982837
2022-10-25,1384.678955078125,1390.6665374705215,1379.9160878294856,1386.3118716885508,3914341
2022-10-27,1397.65625,1407.6988621560834,1387.1551861000603,1403.9386622242373,6760137
2022-10-28,1387.8428955078125,1401.3246221215236,1382.1108498465378,1399.5362686568128,3053981
2022-10-31,1410.220947265625,1418.245811891941,1403.4341822194212,1403.4341822194212,4542336
2022-11-01,1442.641357421875,1444.4756121674845,1418.887736075427,1424.3447111160303,4542692
2022-11-02,1424.5740966796875,1442.412180597886,1416.9618941495685,1441.7243350182016,2938906
2022-11-03,1403.892822265625,1415.9530704364693,1395.546984991158,1411.2298417515794,3174027
2022-11-04,1388.5308837890625,1394.4463107382567,1376.7458190882635,1394.4463107382567,4509682
2022-11-07,1382.5235595703125,1401.2788807869697,1367.528549999092,1395.3175530956448,4898592
2022-11-09,1385.9627685546875,1402.2876797188958,1376.6998049643528,1402.2876797188958,3334755
2022-11-10,1377.4793701171875,1386.6965447098637,1361.9341064114733,1361.9341064114733,3435763
2022-11-11,1439.9818115234375,1443.1000672976652,1418.475217234108,1418.475217234108,7214098
2022-11-14,1453.9219970703125,1459.51645137727,1438.4683120386903,1444.6131323053646,4908813
2022-11-15,1461.9010009765625,1465.4319188955194,1442.4120447213857,1447.0893718318237,3497614
2022-11-16,1469.971923828125,1475.658069244969,1461.4425937488243,1464.7901313371106,4497697
2022-11-17,1455.84814453125,1469.9719297297695,1451.7668601838732,1464.8359264182825,3469515
2022-11-18,1461.350830078125,1465.5695937519367,1444.9342271315247,1459.7916463166098,3126064
2022-11-21,1438.239013671875,1456.2605878409026,1434.433024869714,1450.9871057683945,3071764
2022-11-22,1453.6927490234375,1456.3982299208378,1432.552918851605,1438.9728102933216,3399329
2022-11-23,1451.9501953125,1460.0667500182162,1448.419277384479,1457.2236776068496,3245067
2022-11-24,1494.734130859375,1500.4202753854638,1453.4175008662064,1457.315291923901,5282215
2022-11-25,1500.0994873046875,1507.7574788728768,1480.0602755632722,1496.201695768672,4563255
2022-11-28,1488.8646240234375,1516.4701360105687,1485.7463685135297,1493.0833876173003,3825766
2022-11-29,1494.0465087890625,1502.9426002223424,1481.2067245613812,1486.8469687838856,3131710
2022-11-30,1499.4573974609375,1509.3624181599896,1479.4640873185208,1485.7004864644923,11868134
2022-12-01,1519.771728515625,1533.9872026204164,1515.369584352362,1518.9462914993808,5407928
2022-12-02,1502.162841796875,1524.082206872705,1498.5401217539268,1518.762823698916,4283343
2022-12-05,1503.859619140625,1508.5369463809327,1488.77291854345,1502.2546462279884,3824966
2022-12-06,1479.2347412109375,1491.2490872351268,1474.328132226153,1490.3319598752034,4822398
2022-12-07,1472.447998046875,1489.2314737623112,1464.3772323790536,1474.7408164804579,4898087
2022-12-08,1485.884033203125,1489.3232610774244,1466.0282018846967,1472.4480939167222,4206837
2022-12-09,1439.2481689453125,1493.0835061100495,1431.7276565946954,1493.0835061100495,8880658
2022-12-12,1418.9793701171875,1436.1755076749384,1403.2507258609144,1421.5473714407533,8037679
2022-12-13,1441.86181640625,1446.7684254424607,1413.4308679506453,1418.9794213639211,6135067
2022-12-14,1448.510986328125,1456.8568229798866,1442.641348786504,1450.8954950923392,4976020
2022-12-15,1412.8348388671875,1439.8900986832095,1408.019919747387,1439.2481542488501,6443866
2022-12-16,1396.0513916015625,1421.089016341961,1386.7426373339622,1398.6193933020268,9630453
2022-12-19,1382.431884765625,1391.1904957152399,1371.1512855645854,1382.9821387832817,6222740
2022-12-20,1382.3863525390625,1390.36531716333,1359.5956441555718,1376.6084043945634,7396259
2022-12-21,1384.44970703125,1394.9507709461102,1377.8463225999167,1389.4480065636799,6236361
2022-12-22,1395.9136962890625,1403.1589126270385,1386.4672400160273,1395.4092314763589,6302640
2022-12-23,1373.0313720703125,1384.7706472634532,1369.2711722199242,1383.6700272399569,6283822
2022-12-26,1377.8922119140625,1384.7706673330085,1372.3435464278352,1376.1496474837907,4115459
2022-12-27,1389.310302734375,1395.3633206748425,1373.398166072519,1384.816356461264,4860076
2022-12-28,1384.999755859375,1398.5731721524087,1374.3152008758443,1380.3682184088195,5029860
2022-12-29,1391.7867431640625,1395.2259709449818,1376.6082397759933,1379.3596220007287,4624745
2022-12-30,1383.2115478515625,1403.57184400983,1379.405558572839,1401.3707157827157,5060544
2023-01-02,1397.7021484375,1399.9949669224698,1379.4055017090532,1388.5308744976214,3801140
2023-01-03,1396.3724365234375,1405.6354013294995,1389.53976988402,1393.896125248884,4551130
2023-01-04,1370.9219970703125,1394.9506886748184,1367.5285587288681,1394.9506886748184,7059590
2023-01-05,1352.9462890625,1381.1021672768188,1347.489425840876,1381.1021672768188,9868404
2023-01-06,1328.4591064453125,1352.7629837810398,1326.6248515520501,1348.1773465478836,6443714
2023-01-09,1361.4296875,1365.9236340298328,1328.183820144947,1328.183820144947,11498717
2023-01-10,1347.947998046875,1360.9253731659428,1333.5491426282238,1359.182808712685,7158624
2023-01-11,1349.323486328125,1370.1881315712617,1342.6743136682242,1348.1770772488317,6173092
2023-01-12,1357.8990478515625,1361.9344315209528,1334.4206046215395,1359.1371476712263,6591385
2023-01-13,1379.03857421875,1393.4833301069489,1346.342961515927,1360.5584355646306,11610426
2023-01-16,1399.077880859375,1401.370699412078,1377.8005694719036,1384.8624058326163,6073063
2023-01-17,1411.917724609375,1414.3939239696545,1397.7022489799854,1400.4536313598671,5922644
2023-01-18,1417.3287353515625,1423.24416242099,1412.0093515411083,1416.7325801385587,5843098
2023-01-19,1411.367431640625,1421.1348612109173,1399.6740568482828,1412.2845590753184,6165284
2023-01-20,1399.123779296875,1416.9618628206752,1397.7021870153455,1410.5419708855652,6496429
2023-01-23,1419.7132568359375,1424.574076980102,1401.4623986498889,1407.7906002862817,4855020
2023-01-24,1423.2900390625,1438.7895145635266,1421.3181927553053,1430.7187486357645,5200802
2023-01-25,1415.1275634765625,1427.0502195525155,1411.2297720671163,1418.7960730383943,4158617
2023-01-27,1393.2540283203125,1422.4186107141427,1382.47778201832,1417.8788751387417,6209955
2023-01-30,1411.275634765625,1416.0446522844554,1394.0335955131943,1402.104361110933,6964719
2023-01-31,1406.64404296875,1420.5385444147953,1387.6136508633863,1420.5385444147953,9448126
2023-02-01,1422.5562744140625,1426.1789947825198,1401.4165552146444,1414.3938182397721,6194199
2023-02-02,1452.50048828125,1455.4352511160564,1423.3816939621152,1423.3816939621152,6916834
2023-02-03,1466.853515625,1471.668434244157,1442.6413310350065,1465.1109512577386,7040194
2023-02-06,1439.7525634765625,1465.5697246336003,1432.1862617067081,1465.5697246336003,4570612
2023-02-07,1432.9197998046875,1445.4386105734359,1426.224725341101,1438.9728179482734,4336238
2023-02-08,1458.691162109375,1470.1552548640857,1435.7629765999538,1435.7629765999538,7983338
2023-02-09,1482.9951171875,1485.5172177269346,1454.6100668071153,1463.9188210530715,6904911
2023-02-10,1475.2452392578125,1482.3529761992756,1464.1479087924397,1479.2805100226515,4786762
2023-02-13,1437.5513916015625,1464.6525528112115,1436.2216015669112,1464.6525528112115,4001199
2023-02-14,1461.213134765625,1463.7352349511611,1447.3645343194853,1453.3716512253498,5043736
2023-02-15,1464.6983642578125,1466.48671791268,1445.3927876362625,1452.7298068628425,3465747
2023-02-16,1469.0546875,1480.6562593366962,1465.4319671631831,1467.4038134282825,4290289
2023-02-17,1452.54638671875,1462.8181685754123,1444.934184696277,1461.901041196995,2857734
2023-02-20,1460.4793701171875,1470.1551082186375,1451.3539979762904,1453.6009151504752,2417716
2023-02-21,1448.6025390625,1468.9169307095449,1445.3925935818297,1466.2113380605717,2723288
2023-02-22,1432.36962890625,1444.4756658959568,1426.4083007612826,1433.47013701294,3656244
2023-02-23,1422.1893310546875,1439.7523421262586,1419.8507234941526,1439.7523421262586,4766854
2023-02-24,1422.143798828125,1438.9730662819784,1416.9620059946824,1430.7189186742423,2790986
2023-02-27,1384.2203369140625,1412.376101427138,1377.525262560754,1412.376101427138,4920268
2023-02-28,1364.2728271484375,1397.702074099726,1358.5407812408764,1389.9981820091593,9679811
2023-03-01,1372.0684814453125,1376.4706257604705,1358.7242330919914,1368.7209440691638,5125043
2023-03-02,1350.1490478515625,1365.2357479456998,1345.701002604229,1361.9341118834534,4644499
2023-03-03,1356.70654296875,1366.336380209989,1350.9285958423973,1363.539096991639,4615015
2023-03-06,1382.5235595703125,1394.400425758518,1369.4087058218104,1370.6927064845922,6561742
2023-03-08,1368.9959716796875,1372.02253676298,1358.3573166463943,1367.0242374099919,4137080
2023-03-09,1357.7154541015625,1374.177846498556,1352.3960702873087,1371.105492034302,5104656
2023-03-10,1349.598876953125,1352.1209773156488,1336.850783639018,1339.0060106489143,3699580
2023-03-13,1316.1695556640625,1355.7895279106722,1309.6579732857313,1342.8579415523982,8798403
2023-03-14,1302.3209228515625,1328.321462547265,1294.066776157433,1321.5805984711983,7402784
2023-03-15,1302.0,1323.2773119475332,1299.4319983717653,1318.8292662290141,7556182
2023-03-16,1287.738525390625,1300.3032376058475,1282.786015172728,1300.3032376058475,7323117
2023-03-17,1302.9630126953125,1323.3233106525536,1294.433793998423,1311.492343346244,9090018
2023-03-20,1287.3258056640625,1302.0456322126888,1270.0837669911443,1302.0456322126888,8221829
2023-03-21,1275.4490966796875,1288.5640639628448,1274.8071522479388,1283.0612992768824,8536755
2023-03-22,1274.119384765625,1290.6276798354693,1267.6078018788835,1286.7298879439784,8356487
2023-03-23,1260.637451171875,1269.258358749589,1256.4644769231124,1269.258358749589,7607718
2023-03-24,1266.23193359375,1283.015297395886,1263.3429599696206,1272.972797414035,7559127
2023-03-27,1273.8441162109375,1280.0806276002397,1260.2247960834827,1271.3679168983215,4170193
2023-03-28,1263.4346923828125,1282.1441138599873,1261.8297194219722,1276.7330397726337,6633366
2023-03-29,1268.8917236328125,1274.7154605284104,1251.4663021459326,1264.7187489688145,8813966
2023-03-31,1309.612060546875,1311.4463153951938,1278.3839389266645,1287.6469035198686,8711975
2023-04-03,1293.9290771484375,1316.0777246615953,1288.7014961247696,1316.0777246615953,5242764
2023-04-05,1305.57666015625,1309.1992683413307,1283.97826667451,1283.97826667451,7506334
2023-04-06,1304.0633544921875,1310.0246820529576,1293.4704891987503,1298.6522809308385,6948465
2023-04-10,1309.2911376953125,1315.160775822006,1297.7353541060936,1305.943600080133,4993788
2023-04-11,1289.6187744140625,1314.564596044306,1273.8900163996034,1310.4834237107443,6942255
2023-04-12,1309.9332275390625,1312.867990700333,1283.9784750125505,1295.9470334362472,5831169
2023-04-13,1274.0733642578125,1294.1126879036105,1268.3872190480308,1292.9203774786417,11267238
2023-04-17,1154.0213623046875,1156.6351528002706,1087.0710673200379,1146.6843436762329,53171705
2023-04-18,1154.9844970703125,1164.7060261991676,1149.2524501837186,1164.7060261991676,12430884
2023-04-19,1130.0843505859375,1150.3987451220048,1127.5164610086156,1150.3987451220048,11307230
2023-04-20,1122.0137939453125,1135.2662413976043,1120.1795389648407,1128.7087574516104,8621249
2023-04-21,1125.6363525390625,1131.047426880891,1118.8954881773257,1126.324198126057,8691352
2023-04-24,1124.6734619140625,1128.0667887734735,1117.0612591269032,1126.2325338323785,8313774
2023-04-25,1123.389404296875,1133.110932602619,1114.3098204064606,1124.3523209198693,6808576
2023-04-26,1125.81982421875,1130.8181239428047,1119.3999321931217,1126.2324867816417,5680192
2023-04-27,1142.969970703125,1144.3915628906238,1123.8478876663187,1128.0666511252507,8020704
2023-04-28,1148.9312744140625,1154.6633202852163,1141.7776363852543,1151.6367552836386,10118277
2023-05-02,1171.58447265625,1173.6939106744755,1150.5823426028023,1150.5823426028023,8886401
2023-05-03,1163.97216796875,1167.0445221194786,1157.5063755400363,1161.0831945015796,5549783
2023-05-04,1168.007568359375,1170.0711048738817,1157.8732664731895,1163.788693033167,4505401
2023-05-05,1154.7550048828125,1173.0058612365624,1150.3069596997327,1173.0058612365624,5373791
2023-05-08,1160.7164306640625,1165.0269966744686,1151.1782831849423,1157.8274569243922,5260842
2023-05-09,1165.3936767578125,1166.5859870922673,1156.2224032743827,1161.0832230022093,4969897
2023-05-10,1158.5611572265625,1170.621404606506,1154.800957377408,1170.621404606506,6515734
2023-05-11,1152.003662109375,1170.1628287388498,1149.2064908153254,1164.9810367298412,6888461
2023-05-12,1142.0069580078125,1151.9119783998672,1136.3667142373067,1149.4815684750179,8292212
2023-05-15,1154.067138671875,1163.742876662217,1142.4196665102663,1146.317457613311,5534710
2023-05-16,1159.524169921875,1168.3743594123644,1158.1025777274938,1160.1661142944206,5236469
2023-05-17,1143.566162109375,1156.4517347340925,1139.48487806171,1156.1307625392042,10465667
2023-05-18,1142.74072265625,1155.2595338626716,1139.4848756551935,1154.2965053260136,6948732
2023-05-19,1163.742919921875,1167.7783026634847,1148.9771919381424,1151.9578558336234,11094136
2023-05-22,1185.6624755859375,1188.2303654109237,1164.9812057001773,1167.457405166064,7625947
2023-05-23,1192.3116455078125,1205.2431208057392,1189.5602630208477,1191.5319975732739,7436031
2023-05-24,1191.02734375,1196.8510794854294,1184.286480750597,1188.8721170704646,4824077
2023-05-25,1196.2552490234375,1198.685659323356,1182.4066459698827,1187.2215654124593,4334121
2023-05-26,1208.269287109375,1213.7720507750516,1197.7682245623137,1197.7682245623137,5521606
2023-05-29,1205.47216796875,1222.2555306990143,1201.299193894401,1222.2555306990143,4419365
2023-05-30,1214.1390380859375,1216.4777576450638,1200.6573106206852,1206.0224833077132,6274719
2023-05-31,1209.049072265625,1220.7882355808035,1205.24297124017,1210.4705525350664,17800782
2023-06-01,1210.149658203125,1219.3209326116369,1208.8656573951266,1212.9469416793345,4277841
2023-06-02,1207.3612060546875,1220.2806442692772,1204.619361093427,1216.655749596294,10909311
2023-06-05,1212.47314453125,1217.0738979713722,1205.7811188985672,1212.0084173773478,5002553
2023-06-06,1188.772216796875,1197.6949566393228,1183.195490212996,1197.6949566393228,10008100
2023-06-07,1198.0201416015625,1202.7139314625765,1192.0252064148026,1199.4608412306454,5397578
2023-06-08,1192.30419921875,1200.8551346703464,1190.7240585978548,1195.4642535429527,5034942
2023-06-09,1176.6427001953125,1192.0252152176977,1174.83030957908,1192.0252152176977,5339073
2023-06-12,1200.80859375,1204.2940478285252,1183.1954778567024,1183.6602050671725,4785588
2023-06-13,1212.7987060546875,1214.3323287023295,1205.5490288839856,1208.1979515705652,4846587
2023-06-14,1208.6624755859375,1214.5179699939283,1201.970336101225,1214.1926836588375,3457981
2023-06-15,1196.02197265625,1202.6674808789603,1192.1647141872293,1202.6674808789603,6161155
2023-06-16,1200.5296630859375,1209.6847652018955,1190.6774702485802,1196.2076779215056,8536287
2023-06-19,1202.714111328125,1207.826111028515,1196.2544479993342,1202.714111328125,4451787
2023-06-20,1211.4508056640625,1212.9379099116616,1200.018471934256,1202.7139122035937,4009180
2023-06-21,1207.6865234375,1211.8226634951286,1203.6434195847064,1208.2441733725773,4041529
2023-06-22,1191.142333984375,1198.4385283465883,1183.6601806665321,1198.4385283465883,6676607
2023-06-23,1175.759765625,1189.0974130017955,1174.2261432389498,1186.4019726655229,7239467
2023-06-26,1180.7322998046875,1184.1248308422635,1173.2037423317481,1180.6393770623117,3403244
2023-06-27,1188.91162109375,1191.5605434478787,1184.3107537282526,1189.7016346437479,3240024
2023-06-28,1202.10986328125,1205.2235129272265,1191.0029282361302,1198.9962136352735,5662358
2023-06-30,1241.286376953125,1244.446544670447,1212.4267718508554,1215.9122259231685,12821692
2023-07-03,1239.6131591796875,1251.0454924961123,1234.7335240863706,1236.1742236402893,7732412
2023-07-04,1250.2554931640625,1251.0455066392037,1237.4754963466114,1249.4654796889213,5797775
2023-07-05,1252.25390625,1262.1525044299242,1246.3982983908247,1262.0595816855596,5414936
2023-07-06,1249.0938720703125,1252.3933673295787,1242.8200544623764,1247.8391312404847,5963897
2023-07-07,1236.360107421875,1250.8596857725443,1231.8522766020494,1239.89207926807,6295647
2023-07-10,1235.3843994140625,1247.2349435988492,1226.229295814045,1242.262385005227,3940315
2023-07-11,1253.462158203125,1255.5999486675075,1233.3859662223854,1239.38090160913,6126128
2023-07-12,1239.2415771484375,1256.52940602109,1233.3859691382677,1255.6928743826675,8102770
2023-07-13,1268.7982177734375,1279.6729026631901,1236.9644035943056,1240.728739413603,9977644
2023-07-14,1325.35546875,1329.1198044888868,1283.251252109647,1283.251252109647,12833381
2023-07-17,1322.5670166015625,1356.027373066275,1314.5273272735951,1325.3553796402884,11569884
2023-07-18,1371.1312255859375,1373.687225447086,1328.1904733021659,1332.8377457769811,16743977
2023-07-19,1370.8988037109375,1393.0663832409173,1357.6540777205,1381.1693208273919,13687062
2023-07-20,1347.2442626953125,1367.2275339253567,1339.0650179246122,1367.2275339253567,8347221
2023-07-21,1237.6614990234375,1254.7634832648805,1212.9380338227177,1227.065695806331,45548305
2023-07-24,1242.3087158203125,1254.670504599167,1240.1245206940966,1246.398337830829,8859789
2023-07-25,1240.4498291015625,1248.1178279606174,1230.829998679233,1242.6805423705,6801982
2023-07-26,1253.6944580078125,1254.7633531856156,1244.9111599190257,1248.2571728357643,5528885
2023-07-27,1257.691162109375,1267.5898735162018,1252.0215133305276,1262.756642875828,9191861
2023-07-28,1245.93359375,1267.6363307852569,1241.7510490488623,1258.3417870049511,6122735
2023-07-31,1260.061279296875,1261.7343425932213,1239.1950734898064,1253.6016166280715,7902180
2023-08-01,1268.89111328125,1272.4230854175687,1261.2696325139816,1265.9169045571427,6064652
2023-08-02,1261.130126953125,1275.1648651116004,1253.322687629451,1272.7019018221301,7419145
2023-08-03,1268.0545654296875,1270.1458376352903,1253.833869048077,1254.7633233616784,6503741
2023-08-04,1281.113525390625,1288.1309519095748,1265.9169677427412,1272.3302261741662,5712345
2023-08-07,1294.72998046875,1296.5888892705716,1279.8587100541772,1289.9897857158628,3729093
2023-08-08,1292.12744140625,1295.2412043648678,1286.7366740453401,1294.5905182197114,4161877
2023-08-09,1296.0311279296875,1297.5182321515724,1284.9705988177284,1286.3647802992666,4090828
2023-08-10,1291.10498046875,1297.3323925229795,1287.8518903304866,1293.4286162817955,3873025
2023-08-11,1275.0718994140625,1298.3082576548654,1270.6105867070967,1293.8004268479058,5783517
2023-08-14,1295.2412109375,1296.5888744198694,1269.2628926543166,1275.0719825934739,4304135
2023-08-16,1318.43115234375,1319.7788159280838,1306.2553216018096,1311.274398380743,7735313
2023-08-17,1311.971435546875,1319.825280033983,1306.812918118155,1319.825280033983,5618346
2023-08-18,1290.826416015625,1309.322469240219,1288.3633389732208,1304.6751968805124,5134103
2023-08-21,1306.255126953125,1307.7422311767086,1289.2925855750334,1291.7091441207042,3032722
2023-08-22,1304.7216796875,1306.8594702986447,1298.1225758070195,1305.6046160284368,2890714
2023-08-23,1308.625244140625,1316.665047189912,1306.4875671497327,1316.1073972557133,2559125
2023-08-24,1323.171142578125,1324.5189194126233,1314.6666128884629,1321.2193112047876,5171963
2023-08-25,1319.9180908203125,1322.148803936989,1311.8318834134902,1313.3189876716804,4307172
2023-08-28,1315.7822265625,1324.2867575475643,1311.83204511479,1319.9182535183484,3133464
2023-08-29,1317.64111328125,1323.914930768979,1315.4569180328365,1323.5431263001694,3074444
2023-08-30,1333.906494140625,1335.30067572943,1323.5430549720845,1326.3314181496944,3070887
2023-08-31,1334.1851806640625,1342.9685922108208,1327.8649592572012,1333.906412438649,9792735
2023-09-01,1341.992919921875,1343.9912698821333,1327.446933624543,1330.002933619132,3582133
2023-09-04,1361.7435302734375,1366.2978792292915,1333.4880956574837,1341.2026120597739,4609014
2023-09-05,1374.570068359375,1375.6389635594269,1353.750268114738,1361.650630132572,5496840
2023-09-06,1373.2222900390625,1378.2878843440208,1360.070601695981,1377.3584299899496,5075786
2023-09-07,1362.76611328125,1369.4582536129653,1358.908967956038,1366.8557356852762,4411743
2023-09-08,1365.9261474609375,1370.7128602563196,1357.1892535120792,1360.25649837947,3125838
2023-09-11,1372.2928466796875,1373.7800644251438,1361.1859124430616,1365.9261069950462,4182226
2023-09-12,1395.2039794921875,1397.8994199484737,1372.8970738547118,1377.9161503149019,6793161
2023-09-13,1392.64794921875,1398.8288435447748,1383.6322871056639,1398.8288435447748,4804686
2023-09-14,1400.6412353515625,1405.846270656975,1393.3915592483722,1398.8288446904617,6444213
2023-09-15,1404.96337890625,1411.2837147970909,1402.546819933446,1410.9119103107828,8657816
2023-09-18,1386.56005859375,1398.7358880088802,1383.0280866448797,1398.7358880088802,3991916
2023-09-20,1385.119384765625,1389.6272158004997,1372.0605053905272,1372.0605053905272,4169337
2023-09-21,1395.8079833984375,1398.4105008002703,1371.8745353727943,1381.6803235396264,6779195
2023-09-22,1390.6031494140625,1400.641188325793,1380.4255561991947,1386.6529684238076,5455613
2023-09-25,1370.1551513671875,1384.7475392640083,1367.7385927513728,1384.7475392640083,4217863
2023-09-26,1357.6075439453125,1375.4995405113145,1356.0739215478982,1374.8024497360157,3996528
2023-09-27,1363.509521484375,1365.926080084956,1347.7553157505324,1353.2855237091,3863586
2023-09-28,1337.9031982421875,1368.714636770685,1333.7671712132337,1364.3462461230529,5814602
2023-09-29,1334.1851806640625,1344.734578140231,1316.1073392200121,1331.0715313315343,6068968
2023-10-03,1332.8375244140625,1335.625887435849,1320.1040453314158,1334.7429511957962,4181867
2023-10-04,1342.4573974609375,1347.6623192444497,1318.1521429784143,1324.4724780818983,4510406
2023-10-05,1360.2099609375,1371.5493723980028,1347.8946904576385,1349.5677537176623,7384621
2023-10-06,1374.38427734375,1379.775158645182,1360.07076929426,1365.8333416160965,3598672
2023-10-09,1371.3634033203125,1385.8164641413844,1359.0481329313968,1361.5577278028998,3567552
2023-10-10,1389.673828125,1391.393296146582,1365.4614945887647,1379.2174656790087,5688951
2023-10-11,1388.9766845703125,1411.144149422588,1376.940181958551,1391.3932433298958,7220129
2023-10-12,1362.1153564453125,1398.2711535251433,1349.5677226602481,1386.6529740945282,11081662
2023-10-13,1330.1885986328125,1336.5553381568939,1301.2360733099106,1305.8833450003033,17973439
2023-10-16,1332.97705078125,1341.7603494799055,1329.1197923285388,1331.0716238772634,4850745
2023-10-17,1340.6915283203125,1350.8226045344618,1336.6020195003289,1338.6467739103207,3923764
2023-10-18,1338.9256591796875,1351.4267762032766,1336.880791305478,1340.2733227545561,4264837
2023-10-19,1332.5123291015625,1338.0890555260446,1325.49490296724,1325.49490296724,6795691
2023-10-20,1326.5638427734375,1337.0202051704955,1324.7049339028495,1329.1198424704962,3928622
2023-10-23,1309.27587890625,1331.3039013836562,1306.1157114580749,1325.0300845878248,2636516
2023-10-25,1289.88134765625,1320.4796048766234,1281.643355327688,1317.1372877323818,6940777
2023-10-26,1279.901611328125,1293.600262701033,1273.923205151914,1275.7591696776637,6357656
2023-10-27,1299.57861328125,1303.9565408986182,1283.8558619720413,1283.8558619720413,4634358
2023-10-30,1296.4718017578125,1299.578632909673,1283.3380187073392,1299.578632909673,2667696
2023-10-31,1288.327880859375,1300.3318125956307,1283.2438397267852,1299.2019618287502,3451595
2023-11-01,1274.9117431640625,1296.848271394198,1272.5580310195833,1292.7058299617952,3090672
2023-11-02,1289.9754638671875,1295.7656185619023,1281.972842805629,1289.8342181571022,3758060
2023-11-03,1307.76953125,1310.54686548969,1297.1307068451297,1299.2961678955407,3349045
2023-11-06,1321.185791015625,1324.9046103571086,1309.4172299003549,1312.3358100714709,2736381
2023-11-07,1322.127197265625,1323.6335500133118,1313.2300966352614,1318.078766511828,2272209
2023-11-08,1309.60546875,1322.7862570767434,1305.3216665728671,1322.7862570767434,3550635
2023-11-09,1294.3533935546875,1315.725053279232,1289.8813406007866,1314.2187005328615,5498051
2023-11-10,1288.7515869140625,1292.8000179692494,1281.3609534085294,1289.787197322235,2943649
2023-11-13,1293.176513671875,1301.5556365838725,1290.6344357148544,1299.1077990502322,3462092
2023-11-15,1327.96435546875,1331.2595523805833,1311.4883709095843,1317.1372799012984,8551860
2023-11-16,1360.3515625,1368.3541841941474,1328.0585842809098,1333.2367512594758,6673907
2023-11-17,1353.4315185546875,1366.0944431282537,1351.0778065575678,1356.726715350655,4901251
2023-11-20,1352.5369873046875,1367.0358756378293,1349.7596532252571,1357.6210280094697,3584210
2023-11-21,1354.796630859375,1365.152963687348,1352.6782900536532,1357.621085267004,3793135
2023-11-22,1372.49658203125,1373.5791976051314,1352.1604184890853,1352.1604184890853,3108786
2023-11-23,1364.447021484375,1382.0057382429595,1362.9876738861756,1382.0057382429595,3186928
2023-11-24,1353.2904052734375,1367.6480498608116,1349.948087939533,1360.9635301203575,2973195
2023-11-28,1358.280029296875,1360.4454902349669,1343.545884614403,1359.5040054666383,3755373
2023-11-29,1374.1912841796875,1375.226894544369,1364.964801471109,1366.1886628376049,3875778
2023-11-30,1370.001708984375,1375.179875684024,1364.729416784748,1368.21286477539,10120867
2023-12-01,1367.3184814453125,1374.4737432561005,1361.5283266839235,1374.4737432561005,3489187
2023-12-04,1378.6632080078125,1385.7714640337215,1364.493931093046,1374.9913943979213,5511948
2023-12-05,1368.871826171875,1381.0641237085301,1357.621128395019,1380.0285133783032,5123039
2023-12-06,1388.03125,1390.5732132882843,1366.1417258233225,1371.5081438440814,5269178
2023-12-07,1380.1226806640625,1386.6659544767813,1376.2626157196041,1386.6659544767813,4424453
2023-12-08,1403.8951416015625,1407.2373438258442,1380.4521461092754,1384.3593311792147,6323433
2023-12-11,1401.400146484375,1410.3442522227704,1395.2804951896835,1402.812373706227,3862018
2023-12-12,1389.6787109375,1402.812378171591,1381.7702154844862,1391.0438179520306,6103494
2023-12-13,1364.2115478515625,1389.6787590187653,1349.2890359623277,1389.6316388053183,8549258
2023-12-14,1413.5924072265625,1422.5836336750658,1375.8388870549381,1377.7689770027378,12489858
2023-12-15,1486.039794921875,1495.5958896794918,1431.9985384663394,1433.9286284897844,18395389
2023-12-18,1472.811767578125,1499.7853308836295,1468.9988229814394,1476.2010899731836,6467243
2023-12-19,1467.115966796875,1481.8501135515992,1452.9465730697686,1478.2254196692145,4221721
2023-12-20,1446.4971923828125,1490.8411011069354,1440.4716669994389,1473.4707534464067,6592367
2023-12-21,1446.1207275390625,1456.1475641627426,1432.2338260213533,1432.2338260213533,5319038
2023-12-22,1471.4466552734375,1474.3652352440706,1433.8813877884545,1445.1320854708788,6741060
2023-12-26,1453.60546875,1457.4185283124546,1433.8814073771757,1445.1792254261095,6878067
2023-12-27,1475.40087890625,1478.131207944611,1453.6526019531718,1453.6526019531718,4225849
2023-12-28,1471.2113037109375,1477.1425892283842,1464.0089217215004,1477.1425892283842,5702253
2023-12-29,1452.616943359375,1468.1984480838207,1449.8866144117019,1450.8752194379208,4388990
